,Item Name,Price,Links
2,Xiaomi MIJIA P11S Drone 8K GPS Professional HD Aerial Photography Dual-Camera Om,$87.12,https://www.ebay.com/itm/285595815205?itmmeta=01HQMY3VKJFVGMWB0Z3WKZ4W3X&hash=item427ed64d25:g:vGMAAOSwPyhlcWpc&itmprp=enc%3AAQAIAAAA4D0ukLlUaHXrXbWyctPgEKvOeAmGexnSUrEFNP%2Fp8zgwQVE5qzUJWBecMs49lfc%2BgD%2FpETMTpyXpUh%2Fd%2B9wvPLH0Y57u%2BI2rUZ11jEDt6X12NlMrsgBqLhnAB8SgeELZwHqHNQPa0%2FE9B42oZdqrWRTnGyRvFCCKhrR8B08xaARawqIbJHWc2w8yRLsEqHhdO3dskb9tgpMmZjqo%2BZNMwKbW9ErYOnzazIFVuMDhTNHZE6OpK4VSRxhfVGGPQy3nsPbg8mMArLXUYuWBaNV5ErWhzJwf7QjSTvk5q%2BXo4p2P%7Ctkp%3ABFBM8LmPnr1j
3,Drone camera 4k hd,$47.00,https://www.ebay.com/itm/186205165019?epid=22058841067&itmmeta=01HQMY3VKJ0R7K3N6CX1CMJXEN&hash=item2b5ab155db:g:7UUAAOSwAKdlUJIY&itmprp=enc%3AAQAIAAAA4KXq0Y2ps5vENsSE4OfnVYPNvdoaNoRbs8F%2BqhJROjEqRmGf2tyiuW52Q8RAlg8NMa4d6Pz2pJ9DWX9HG6srK5mp%2FWyeWvlCYeVpEN3irgFLFXNiJ%2FUoRZR%2BGagAfHXTpnZTTjSEpgKEvqEQdZLtwItsXacA9hVO3uItja7Sy3FWwn388ifq6NFXjp73RSvUxdn8EndEaJzD%2FGmzYCLq1k5Paqc35EDh0c5BVrLXCWRnaFZwhfI2BIgv2V%2Bns4I639Ch4Nlnb9XU%2B003TlKiTHmzisSsERBhr32pcPGcQY9U%7Ctkp%3ABFBM8LmPnr1j
4,Lenovo LU200 Drone 8K GPS Professional Aerial Photography WIFI Optical Flow Loca,$75.42,https://www.ebay.com/itm/285654763779?itmmeta=01HQMY3VKJ7KE6N88EGDDD8JP8&hash=item428259c903:g:l9sAAOSwsQllX7-1&itmprp=enc%3AAQAIAAAA4N93LE%2FPyBb8Zp9QHjUdAJE%2F8LvjH5v3xfabSeHWUzG1AEHgkF1ARnY4JPCNKtpMQ9W1GWEbOHT8EzKNLM%2FvUjRXvsyg%2FfIGj6vmhDXZga2dRXyX40LoGhNzz16fJ1DyPELC7S24iCrk27rOr%2F9ykhMf%2FI6GmiPQ1YakaqxfKFyjEylTbyjemcR2jtflMx7zWtnOfrP65SJ5ZAgCIQjTlGz48qxw8Ccs%2F7Efmgiorr2jZ5%2FvMM4YgYOR2qh2CC0%2FV7kPhVErAo4D%2FSdywLFRTFyc4%2FRik8zK9LbQzYQOzMJW%7Ctkp%3ABFBM8LmPnr1j
5,2023 New RC Drone With 4K HD Camera WiFi FPV Foldable Quadcopter + 4 Batteries,$28.75,https://www.ebay.com/itm/404612164265?itmmeta=01HQMY3VKJKEPN0V8374S4TEE5&hash=item5e34c3aaa9:g:2VkAAOSwYQ1lTQNF&itmprp=enc%3AAQAIAAAAwK%2FNPFl3fogjbEJqUtTAMVxmYf%2BCfFKV5KSjiUSHvfB3hx6avp%2BiWluvEomHh54uX0sCt2xH0hhopgdNFK9HKc86shDN9Q0UCp5hhiSne9bUNE2LjKyenukIfOgIgq8KVv%2FDqwaFRfj4H6vV0nAn0wqdBrmZoRE0GPJPIywc5lYdy4%2Fi5uULSZRWeh8QW3W3HQqzXYshmHtAtVnUA8Et3NiNMGzWY2InSfNN5mdsRkJN5koNTOmDl6Pg7fSxX9VRqg%3D%3D%7Ctkp%3ABk9SR_C5j569Yw
6,New V168 Professional Drone 4K or 8K Dual HD Camera,$114.16 to $171.24,https://www.ebay.com/itm/116031505634?itmmeta=01HQMY3VKJYC8QY3AN4S0QSNT1&hash=item1b040444e2:g:lWUAAOSwusBlmUvs&itmprp=enc%3AAQAIAAAA4MsCi2gTSx0LnAjfFnTHJgLt5OJaimB1cNLQBTIQ1zWVIRd6sbB2nwbRV1%2F3N6H45ZcgkAoPEDQbHUuy1QrPtoxzIdoxb3lt7SBYr16ZI4BZZrxLM7VvVQKRlwwtplF1p2%2B2VeqU6PNAKHRJOsaTR%2BcdXXrZpLjOuag9D2JbOLJF8bflS%2BS1tZ8Y5v7m5JgAMCA7QYoNnay%2BS3%2BGO2fDkaj8F1VJiTPQX1ggbsWtPa0%2F3xPjhEro6R7bktfepNn5vQhdqJ3XyeUG3ficEZbMWI7KKSqlyp2W61Sl6Kuahrzd%7Ctkp%3ABk9SR_C5j569Yw
7,"NEW LISTINGDJI Mavic Pro Drone Bundle w/ 3x batteries, case + acc - great working condition",$94.00,https://www.ebay.com/itm/285733352893?epid=2111394582&itmmeta=01HQMY3VKJE2BXC9N2443T99VV&hash=item428708f5bd:g:G4MAAOSw441l3DcN&itmprp=enc%3AAQAIAAAA4DjTJQumI6d2cs17kP%2BJ0VjLrGK5LX9PiZHiu05slnk1r68t7WLolX%2BXEvX5GP10lJbKwyFn0rItZhUqnza2%2B4Sfl4hOD7sf%2FwuyZw4TEVwuNseNVAmGx5TQm6HZH7wLTg0NrYQ2llWQUuMi%2Btp%2B49PT4UokXuc7Lr0NAghl88ZwAxS9%2FRazbOLXjHRL%2FlvuGyNhRFP9KBp1W%2BpGM26TJkyjz%2BWb33KN4lv9XL5YrSgAsfFH3K30MYvcvavHNB%2BDQEnOh9f%2BbMIfqlqDgW3K5u2TjiqmUbtjv%2F2lwY6%2Fli45%7Ctkp%3ABk9SR_C5j569Yw
8,Lenovo V88 Professional Drone 4K & 8K Dual HD Camera,$13.32 to $71.03,https://www.ebay.com/itm/116030529256?itmmeta=01HQMY3VKJC3MV9Q6EDAQ7Q2Y0&hash=item1b03f55ee8:g:X6kAAOSwRbZlmB8d&itmprp=enc%3AAQAIAAAAwMjMyHsOJXg7hlD%2Fdv95wsSitX%2B0Ky8qTPM1XIImUJr2yV5rxxUVLkDyiGP9SYCROAi31QpPE5lnCV80O9k0GQbovQBsbvvvm0VEkV4NiDkcla0Zax2F7ktaqvzOem1fcBn%2FQnPeGOzXxiKb2ENB4rOq2RA3cP%2FWyr9zpUKsDtM5TO88mBKKnCYKzFz8%2FMmychUWAlhONl1QSiDPMyPZVP6Giz12yTKoCroTKAbQYsUi7knY0ZIVNe91CilVIfywsw%3D%3D%7Ctkp%3ABk9SR_C5j569Yw
9,NEW LISTINGDJI Mavic Air 2 4K Fly More Combo Quadcopter. Plus Extras,$112.86,https://www.ebay.com/itm/364756140615?epid=3040640008&itmmeta=01HQMY3VKJKXZQ7BPEVYP7SM65&hash=item54ed290247:g:aJkAAOSw-GJl3Q1~&itmprp=enc%3AAQAIAAAAwLp3jQta4aJzBj0fsIhxTHwDG6sa9FbM2IwKodVteB%2BMYOPmvyG7H%2B6QDR1UPgyBlktF%2B97jKCw3HlfwdBdAnGPMwvA3o4wLXZJFA1HWB7E%2Bas1TDTEo%2FSFKzish5H6EMebujfsk3AVHcBLK2PY3tLLumKuO88SRtS%2FhoNam%2FZ0cSSEB2LXCZAHTq5Dmj2Yrh6x6kr6mRdv2aOzRjQn%2BU8bLn4lePrXlolSv1vg0btPyD%2Fr1ns%2FI4UasmiyUCGBUdA%3D%3D%7Ctkp%3ABk9SR_C5j569Yw
10,NEW LISTINGDJI Mini 3 (Drone Only) Camera Drone 4k,$34.00,https://www.ebay.com/itm/156084406856?epid=8058113456&itmmeta=01HQMY3VKJQVG39QJ9R6Z5T985&hash=item24575b0a48:g:beoAAOSwILVl3Ume&itmprp=enc%3AAQAIAAAA4OrAd3py8R32Y0boTYUbnzL2mSYfrWU3K%2B7rIna2duUUUNHAClph6TX%2F1RijrVcR95k3%2FQGVefjkB%2BrgFuDxP8a%2BxxzBaNKxcRDjyLrd8i0ugLaZ66U9NqtbAigYUa42%2B0Gu5lbFjK73RIKRmEOWDoIarwSZHpBDtiu7KhmIBNg%2BpAYnsietafMgdnSh4ADRRywgxMux86A8Z0Mcfba%2BRTZsWglcb0a3vtPs9YPpdqQfmP7v8OUyd0CclEcd2Lb3qWeaYYRbA8iyDqPSBnZVP9iZNdUUXJXEarlkrlk%2FnHUL%7Ctkp%3ABk9SR_C5j569Yw
11,Mobile Phone Remote Control HD Aerial Photography Drones Four-axis Quadcopter,$29.55 to $36.68,https://www.ebay.com/itm/314608732433?itmmeta=01HQMY3VKJGKND0TQ6NF70A2PG&hash=item4940244911:g:4rsAAOSwpLRkbXnG&itmprp=enc%3AAQAIAAAA4DCLaArV6rY5sJqdQdY%2B0zJaJSFw4fOUkPsL86k9rMsiM8hwfMlcsDt3lXTw81JhUmAc0jbNQxBWCwQuNVnMhRUGvgeR842LCt2FD%2FLyZlokPJSO3FrXZb%2FVuRKmwVIenZpTT%2FvFKATEgZNYlyBRqasnPpqvwSBtI3reJbmmb01YljftBTIhlKWLQBZCms6vbixzod7l8pfd2IcWr5jv27mNOApvDP0jrmM1VThpit2BroM%2FjhrDxqqDCAb9zLYmQ1yj86j7Y%2FjG8Kqx0%2FuDvcw3phGiHpI%2FBGWSaKf0e0rr%7Ctkp%3ABk9SR_C5j569Yw
12,"NEW LISTINGHGLRC Rekon 5"" Fpv drone dji bnf",$350.00,https://www.ebay.com/itm/355496404679?itmmeta=01HQMY3VKJ01B4CMANVHDPAC8H&hash=item52c53ca6c7:g:cXMAAOSwY9Fl3ahW&itmprp=enc%3AAQAIAAAAwO48euOdp185yYOPkdpOnczasqP2GXZDFNbkBE1cRGKFc87GdppyBb5e7zWkTpFrrsuNPDQFYccFYfdtE9kcWxmTH%2FYoin%2BhaE1QDoBgTFeEPvWX8za6an0tQMq%2B4ekSLPKIiK5qjfNu155D0hT2RNiGFXkVx%2FgkuGdP6gAZKXKpUHhh7eRRKNV1Wmk8nn7cgqn%2FjdXkunZi67tpxYwbAbAkVKXSnkXkDF06xWKWNth2afVbxcGJuiZVM9pGfgGuLA%3D%3D%7Ctkp%3ABk9SR_C5j569Yw
13,"NEW LISTINGApex 5"" Fpv drone 6s dji bnf",$390.00,https://www.ebay.com/itm/355496385545?itmmeta=01HQMY3VKJ71152G19AC12XAQ1&hash=item52c53c5c09:g:Vc0AAOSw0Jll3aXp&itmprp=enc%3AAQAIAAAAwL068McjqLFX9Jj5jskHR5hnc6dPp3oCgF7kH3criBcH4vLrWxV66%2FI14msQfqewlVjmyFH25Wobxl4Sattva2kYBaKMvsqa1VFGk5nq1Hxe0TK8TcOw5K6dzMLTSEgh2nHYnLmxKAC0nrbUWHzAXd8edTJyPt1bJIO%2FLAZ0NxtWyxf7JUM%2FguEviznw7BTGq3pikVNnr5lzYNQDJCns5LMm7JtVpglKT8%2BBtiji6i%2BiMOyhHzjOKNdeCrJyrN%2FLMQ%3D%3D%7Ctkp%3ABk9SR_C5j569Yw
14,Lenovo G6Pro GPS Drone 5G Professional 8K HD Aerial Photography Omnidirectional,$83.12,https://www.ebay.com/itm/285600263897?itmmeta=01HQMY3VKJ1CTSQX1796MRA4VD&hash=item427f1a2ed9:g:ovkAAOSwC41lX60f&itmprp=enc%3AAQAIAAAA4BHGNZqLQ2kAIQb6YvwkRKU9eeWlt4fIr52%2BLnbwbGAAJ1sg4kLG5h0j6Q3fFNcUzK5%2BzT4W3qFq7kdNdKi2rKlVLYG88%2BRzwclSCx0YoYsje9Yrt54itoi20wbvQKJZBTsKpJakW%2FjF0j8xGcAPi%2BZapvXhSaEoVZLyjSYm8M3H%2BHtATpKQNHo6pGe9Ijm74DDZNSdelzRSBxPsCPfOzjdE8kfYsii2oR3Dwy%2Fj7mbDkH%2BudfPUotfFGd0ZmO5wAAPhPgRlgcq3Cyvc3ahOuozFpiI3wIHp%2F%2BggJ0zmR4dZ%7Ctkp%3ABFBM8rmPnr1j
15,Lenovo K9 Pro Professional Aerial Photography Drone 8K Dual Camera HD HDR Obstac,$77.82,https://www.ebay.com/itm/285659071546?itmmeta=01HQMY3VKK5J15X0G318VBCGAP&hash=item42829b843a:g:VIUAAOSwEetlqQmb&itmprp=enc%3AAQAIAAAA4CsGTWCggU2Vz7R6IX4gud6XSEu5g7Gr7R4fNUF9SOF7pX4BBSQIA0JOmJ75PPlqCqIxMBPqHvVcVwUSmDPcVOOE7PkgmBTYVAVFx7iMdWZpDr9kl8%2FFLjqzsk2y93%2FkQM%2FMssawizIPagiQhgYWZ24ZUCY%2BFmCT902a8b4EI7fFJtoTV2NfHcEJtlRhambjiMQt2LfcEqRoaIJR9pK9JHA6U%2Biicu7Wfek2499io3NNUdHqmzDFCnYf9N0m2dIBPsE3853LfSpf855EIgL22GpWhcr7RexdvpGMp9grFCuw%7Ctkp%3ABFBM8rmPnr1j
16,DT908 Pro Max 8k Drone-NEW 2024,$94.82,https://www.ebay.com/itm/175918639305?itmmeta=01HQMY3VKK99GQC4BER00MGES0&hash=item28f59168c9:g:6IkAAOSwxM5ly0Qg&itmprp=enc%3AAQAIAAAA4P3HbHz4VU2k%2FXwzqpyh%2FwC49nAQbJLKf7ltvonN4tBIzFyBX4P9vSK0Pc60kjJpUyJS8Qcm0FrGSTqLGbGHSIj7UtUJ%2FoD%2B5i%2BB%2B%2Bh4HPsP2jAmCVJbXzx1RjbaXc6im5nkGz774EJl5yq--CK8z5aO4u48WXKixRasbOgOTH4RffzFAcn78mJ4dY%2FZJ5uHzJHt5Pxaz0yp0gOZAyaZA6ofypKxsK1Z7DVMLfkCEafnAybftel49c6xKxLPuWIlFhl1egTzUthbNJwtd%2Boq1VI6QFlFYNqXYykrwXqEiQAT%7Ctkp%3ABFBM8rmPnr1j
17,DJI Air 3 Fly More Combo Camera Drone ðŸ”¥429$ðŸ”¥ViaðŸ”¥dronesky2. shopðŸ”¥~!!,$403.00,https://www.ebay.com/itm/364753133088?epid=12061956321&itmmeta=01HQMY3VKKASH9GP80YV72D2MN&hash=item54ecfb1e20:g:3nMAAOSw6Upl23Mc&itmprp=enc%3AAQAIAAAA4OgiNCz2HzJ2l3mkcT83BOpEe7740Y6GPrMtLUPI0OiO%2BpzfHczDZMvsVv%2BRnRM6rsyVVDq%2BZ8lnRZzhSrOQVhSSNnA2ZVOjtdjHHaRJCFWSjGK9fsnYAdRIFjbxydCs%2B7BL8IechmB8AJoSFaHIpUSCZalEtCQwVZXd1dB%2FM%2BnvIo6upBHrMpAATPmsR7JjzgMunzZa4A7upwg%2F5ksJikJoC31B1J84hcXFq2cCgBMMOzWk%2FUPDRCrb%2F4y9xHpGr8rOlj2gylE159AM3nWtV38J9DHu9a4qan3K9Qy9jNMy%7Ctkp%3ABk9SR_K5j569Yw
18,NEW LISTINGTmotor FT5 fpv drone 6s dji bnf,$278.00,https://www.ebay.com/itm/355496394910?itmmeta=01HQMY3VKKF2Y3NCNAT8P9PDKV&hash=item52c53c809e:g:FxIAAOSwYO5l3ab1&itmprp=enc%3AAQAIAAAA4Lv%2BMUltkbY2BBc7YtIm%2BS0KRNL%2BQx5miS4LBA2LQO%2FMvKemByAeyEHuvGG7nH8pENRvvjUWJWjxKAFBnSc%2BoqQNxD1TPadQj5L8Y9jUHbm9W0i6NhYFGB51SNIl3olk56Kllsv%2FAurAN8TvuJoWvBIFbGZZieEmbaPma13E9l8Q0t8oKxKnX3MkBUEof2rtfnnV1dXTeFCf28B8PyMnVZlCWJXq8mOhPU5tAogKAilL3h3YMqLhyVR12zioznWW7%2B4ZV1qExQquq8pVBKye0DLIsDbH4G8NaQKy6YhdjZlX%7Ctkp%3ABk9SR_K5j569Yw
19,"NEW LISTING5"" Fpv drone source one dji 6s",$270.00,https://www.ebay.com/itm/355496336115?itmmeta=01HQMY3VKKJWDBQA56EQW88X6C&hash=item52c53b9af3:g:pqUAAOSwzzNl3Z~m&itmprp=enc%3AAQAIAAAAwAGBNFKrctoidmYI4dUp796kPElFD9eSuodMgezK1j5UpgBAK9mxJtPpQ4H8Ut8ydqtjvVRZKlyqY777jsXLUJAuMQpLUDvinVyjNvztHQl31pNz2I7xTywWCTdt5%2FU9jORIF8WvQ7jyqYnH0YYLBXC0%2BkyXIeGO2r8z3lY%2B9%2F2q%2FXrs51R8KTFrZV9H3If7HES3FMGiIvHwWeU1MrOTXLIipBe3EGZdiMEKiyOhFOiPtY031zxfo4xdE%2BViSwVG0w%3D%3D%7Ctkp%3ABk9SR_K5j569Yw
20,DJI mavic 2 Zoom PRO,$436.23,https://www.ebay.com/itm/226011514891?itmmeta=01HQMY3VKKCV8JN1K898KQRT16&hash=item349f56080b:g:0ZwAAOSwyV9l1HNC&itmprp=enc%3AAQAIAAAA4FI8trhQnNz2lzgJaEDZxLXNLeeVT4JxvIE211KnRUjObChOgV%2BMxgf%2B7m9TgeewZ80%2FpSQohKUEF3kJwQDdkqhKqBOo09SZccl8Azq887P7mTUasyEw0%2B8y18m1W1%2BnKfib7Z%2FWy0V97wzPd3RfBBUonwsfLSzrnm6n0n6HhQLK8TxzmQ5Qb4odF55Vz04Wcbco8rCVd2dO%2BG7saHdijPtZv%2FIN8884vc8pebXzivXUpV5yY9sPlr8wU%2B6VYH%2BVtg%2B7wU7lUv8N0fwNToi%2BPGqwhsbty%2FfCP7kJcSmLDoV4%7Ctkp%3ABk9SR_K5j569Yw
21,Eachine E013 FPV Kit Great beginner Drone!,$65.99,https://www.ebay.com/itm/196260276798?itmmeta=01HQMY3VKKZBVRW40Y8CBWAZRS&hash=item2db2062a3e:g:OOcAAOSwci9lznPz&itmprp=enc%3AAQAIAAAA4ES6J7PAi2wgrQEPrwNUeB%2FOUoCNxB6zcOO1JjoJSt9n9BYJif6LYfAuFWeco3LrojahW8Da7HFN9Pdya%2Bj756%2BCs1dFWUGeMbbd75JMvlJnmbIMvl6lP9P5QAMghXbnmmrtKssRKyGrac7d51tfYRDRXyr66qYjAczEfagAuBGkii%2BdE2B1mNJ%2BQL6XSKOah97niuHVgArThk2x05scSiN5zT8eDWNKlUGDLOjVVtd8ohaQ8WgDRHp8m3W5X7QgJKvnzbHtubuCjeWtv1X7KFC5XXZX9F%2FpttECTnuFdCIP%7Ctkp%3ABk9SR_K5j569Yw
22,NEW LISTINGDJI Mavic Air Foldable 4k Drone,$130.00,https://www.ebay.com/itm/126350794871?epid=18028335120&itmmeta=01HQMY3VKK8AGCVXZK34FAPDHF&hash=item1d6b182077:g:AC8AAOSwgwdlyoFF&itmprp=enc%3AAQAIAAAA4L%2B654cXwtdpXR82xLlrtIHpww%2F4gFFczjUliv0o2IFJvZ4UbkmXA0a%2FaPHU5yQiRLhL0OXLu6zJiIhMMNiCx5x8HX55hGviexucgd9E4dtjS3tRZ6aRyohlSMpbgarCQmZb2LT5MXQzH63HOLfM591MUdicp6rk%2FOhm3qvHMLDkQOVuQOE19R9v%2Bvo73zGGbogGeOfDyN0uVAHsq7umodUo503i5kbrflBcewn%2BLdXx0rU05LDF%2BZF8lNNU2EFxUm60K%2FXQKc6e36MKcCElnaM9InTftF1d6RTMhsjdB%2FuC%7Ctkp%3ABk9SR_K5j569Yw
23,NEW LISTINGXiaomi D6 Air Pro Bluetooth 5000M Professional Drone,$32.54,https://www.ebay.com/itm/166617040098?itmmeta=01HQMY3VKKP74NNDBR1ZTWHHQC&hash=item26cb2644e2:g:OYIAAOSwtF1l3Igf&itmprp=enc%3AAQAIAAAA4LaeFaG86yLkLFRcnU5Y5ieZX2lBlk2pbXcZFmhgb5ez1wn5T%2FFTkR9Hf16IZSnrc%2BPJzBZnx7tKvHIpPDuGwV0lcKb1eZcWqGC%2FKRnxdK8zTTY%2Fjp2pEraoqFCAOcS0nKckgXZrB6Xni8Rm99egOnXeZGo9ax0WotrsjtiAOuuf5ub47TwTbJBu7smjn7bkVil2kZ7u3X5mllnA%2BfCmbYUjz19p58DMUWIez2RwHawo%2Fdu9qF9VxG4bqZONGZhtgAOuFbyZl8a40GGadj4v7h%2FSCv2vJQkEL45KpgJjkDiR%7Ctkp%3ABk9SR_K5j569Yw
24,DJI SPREADING WINGS S1000 DRONE PROFESSIONAL PRO AERIAL WITH CASE W/OUT CAM+,"$1,874.99",https://www.ebay.com/itm/325889745340?itmmeta=01HQMY3VKKYYF7X3X847V0N64N&hash=item4be08ae1bc:g:BB8AAOSwoChlVrvv&itmprp=enc%3AAQAIAAAAwB1UWGi%2B3o6XgfQONpX1YXFGQyMXYAmumu9T4Pcwyi3lVGKV%2FDlemrf05EF%2F6Fw%2FeGnAj41LuJ0hdibFJfMSjMykAhD4TCmQEAH0j36UF7GJwXx37Qg5zzhCtAjbH%2FCSghCH4D1bvspd2hcb14sgWXmHLWTb3AOmvLV9KJME%2BjQ0NCvBWzWKLbLvZwNCvh5LAG1buBrwb5LqxWeDF7%2FgZZZpZGPPoY5RSHQVUc%2B5Yu6swTuIoSIg%2BrckpaDj7yagZA%3D%3D%7Ctkp%3ABk9SR_K5j569Yw
25,2023 New RC Drone With 4K HD Dual Camera WiFi FPV Foldable Quadcopter +4 Battery,$38.89,https://www.ebay.com/itm/195677488838?epid=22059942601&itmmeta=01HQMY3VKKXPA32YZTMKADJ7WD&hash=item2d8f4986c6:g:w~oAAOSw9mVkHj57&itmprp=enc%3AAQAIAAAA4AbIR2%2FCyl8XGhiPHmJBl4lfZjPf0QuSygZTR6vL1LJQTRi2yruSyfiZKv2Hs4d4odh9db4QgghqiBV3Q5Px6TY%2FnQQ%2FOhl58cBlRzOdcC3MmmT4gN5RiPFz0X1znUQt4ivZRWzNW4cS%2FfeilY3q0zGIx%2BuWxX6JYrd2Ro9tLlkwqC3dO27%2BDjHY4OKYWy4xqOyh8ZzcMKMHYGcK6te9CKlCxlnRe%2BWvAWdTIgKfQItQv%2FsmCzlQFhGHJbPghKmYcBqJx%2FSkGaHFZdKZ5VWE2zpNVAXHOopqqlAZmAY52vXw%7Ctkp%3ABk9SR_K5j569Yw
26,Mini Drone with Camera HD 1080P Foldable Quadcopter with 3 Batteries - black,$12.95,https://www.ebay.com/itm/335119907624?itmmeta=01HQMY3VKKX76PV1NGKVJ6Q245&hash=item4e06b3fb28:g:~E0AAOSwt4hlZo-8&itmprp=enc%3AAQAIAAAA4HmcPnbodnBmqJUqJer7OyAm7PGgTDei4uIauKym1XPYCHFh5Vcs%2FPEz0GUnn0mKk3OMincA8DZySHl6FHIjpmqMAftDaz%2BvEhdagK1xzmNuPCaVDG2Xu4tXhaSFG54cJlv5zvTnX3CaPx%2FQINA%2F6bW3BYsuIvg9ojnulqdoZtchYcjRUH4LIGE3BZWtHgfwRBYHScpCnsD%2BD1H%2FIl%2B6MxiMyExqbcuATfF911eA1KeOCQ627%2FdvqfPhw0yzbGNTi39OECzEC0x6fTYHJQm2j0Qbhkd00sHknhz%2FkdmYnitv%7Ctkp%3ABk9SR_K5j569Yw
27,DJI Spark Remote Controller GL100A,$53.50,https://www.ebay.com/itm/335052193340?epid=1600750819&itmmeta=01HQMY3VKKGSPDX9RR2VB6G197&hash=item4e02aabe3c:g:~QcAAOSwig1leUkr&itmprp=enc%3AAQAIAAAA4H9yeA32KfFirOTp8mp6kYH28DXSPvWGWkYDvZuDaDZmeVsZ9EOD%2BDtphIg6qePe%2FXd2CNsmjjVjjISBHPjaItwaReL3NV7TCBb8r7wnIScE88phO5%2FX0CcWmMt%2FEmYjvzB%2Bp51IgsG5lIZQuiUfPdMgyDjC%2FEYYEGUZl%2BS0zktKcDuoInL9RFnMd9IFUkrbjP4j5fWxcpuPWVidd6EIgkIK%2Fp8PyCboZA8GiM9yq0lyK3tgV05HYWMxPi2%2BaV%2BVbp7NOAXvAUMOudyWLOxo8Qpg0FZSuiLOueHSYgIB9pFZ%7Ctkp%3ABk9SR_K5j569Yw
28,Pocket Drone HD Camera Corvus Beginners Brand New Authentic Boxed NO RESERVE!,$19.03,https://www.ebay.com/itm/145630288901?itmmeta=01HQMY3VKKNPHKZXZP3PYS26RZ&hash=item21e83ddc05:g:p7cAAOSw6VJlZfeR&itmprp=enc%3AAQAIAAAA4LHoDZtiBI9llbo2PbjngAC57hpBE0NOQA%2B393hxIMsCVeb4RtZoDO%2FBme75%2BiPhg%2Fx3oVA01Ilkt874Zzh4YPTErAAfw1C2PYxXzHJKsSZbvhWpUzmMbmlv2H5UxUsmtlH3riGpyfDaJNRVa8BM93icSz5kow%2FIc2H0vxXyF3nO6kA1%2FC34zN6%2BWUkQZTZMrl4GcivyBD016z%2BVon6SIXZmM1nUpFTTbVddOW3JqiofO2eoUoPA4Yn9drOlULNJ3rDRjrE1TPCX%2F3J97LMPUQAcOSiibP6GclV48oeQKdEJ%7Ctkp%3ABk9SR_K5j569Yw
29,New V168 Professional Drone 4K or 8K Dual HD Camera,$76.07 to $114.12,https://www.ebay.com/itm/355463823791?itmmeta=01HQMY3VKKR99A8V6ZHE31HDM8&hash=item52c34b81af:g:OW4AAOSwV0FlzJzJ&itmprp=enc%3AAQAIAAAA4LvPzr115DNdlvEpi3dcvXnnroiDyu58YodoixIteD7GOkHLBHCpGhbl5ezRc3HttV8rmM32wIkeUm4sctNoB1vWYC0mGHUAH8GxEasFZQciKiIryfL9ERv4Y%2FfqBzxKq23ZgtgmPuYjbSU9TSD35%2BnoVjZAcE7Z%2BBZXW%2BVo06PhAvGhQdRaAb4k6RkOefhgH4sfGaWOyfbMgMzk%2FwMP9EsBSkieCy%2BjS0GPrb%2B0k6HdWpBTcOcF9EdSvHoK8eQO4F4l1YAcgcUyJuJSi%2FzkzTfM22WhMdwSJ%2FIxpTG1Qi1r%7Ctkp%3ABFBM8rmPnr1j
30,New S6 Max Drone Professional 8K HD Camera Obstacle Avoidance Aerial Photograph,$45.00,https://www.ebay.com/itm/404811118524?itmmeta=01HQMY3VKKS5SQN9KB1AK0R75X&hash=item5e409f77bc:g:kA4AAOSwqoRl1cef&itmprp=enc%3AAQAIAAAA0PUnaX92RtRXk8Wt7m0otTkxytvy8jPWv5cRvGugIrrqR4JV9VSLUGAnXvIm8py42FyHcTCP5VgusntSvr4m3uk%2BAe2qipV8NAgYcZrwc8B2pH1k3G6o7JTp%2BvBNF5%2BoQYJjY9eEASBBBrQ4CE3Sb99zLY%2BMhtuwPFcZWniYFMIseEK6X1SSM6I%2F9O7gMtj4iH87f6bNSGoeZrRmjWRiLGEDIjtxZhc9vv15GauPnTqh7i6UsEYeZCZU8ceAjJg3qk6MwoZwM0jB9lSZvQs3X0A%3D%7Ctkp%3ABFBM8rmPnr1j
31,Professional 4K HD GPS Quadcopter Dual Camera Folding RC Drone Wifi Rechargeable,$24.84,https://www.ebay.com/itm/335004190791?itmmeta=01HQMY3VKKMGRCF4ZG4EKDN584&hash=item4dffce4847:g:98kAAOSw7kpjz4wG&itmprp=enc%3AAQAIAAAA4A6nz5W9arR7CDDrrJA6s6f3FuolQdZjDWLhihl9hXd6n%2BSGtUXSEEU1WttpTaapEs9qqD0TAIE%2FsPJ3BkmIQJyTRaUur4d80ricJ5MYzVj41AK5ZPyc3zhrNtksPqJDN1rMAR07Qze4n4y2lgU%2FM%2BJUwcfiE56ZMgk4y26R%2FDPiCsbX7LSBzrf72RE7DB6Uiv5bakoM20SZM8XvocKWdzVbSQ3Du3MGbObpw61kAH6X3iat62N0ZBSsbiudlF7E8qU890F8xp9wwE6Tiy3NERwzAWNVlw5R1HMEmOuBvTbh%7Ctkp%3ABFBM9LmPnr1j
32,Tesla M8 Pro 8K Drone Professional 4K HD Aerial Photography Quadcopter RC,$45.00,https://www.ebay.com/itm/404814012912?itmmeta=01HQMY3VKK2ZBEW1YR076EH5AP&hash=item5e40cba1f0:g:bZkAAOSwI4Nl13LI&itmprp=enc%3AAQAIAAAA0Mxc2avTto4hbBa0Z6Jyhx868RyewxUZBlQVJQfcZYcLuhhD1ttNk6vkVDAFIQFyd7U%2Fji5CQvRRAylIwdbwu01tJlhkr1MxH1VZ9Z0LN7IAvJSOFkdxiqyYjs9TxZZPVMx7XF7msdA33dqpx2jI2%2BOSplH4byiklM%2Ff%2BVf%2BcIxxp6B%2FRaRuEAqOtowytPtp8jkiKgTtiG%2Fz2rBSnMg2p4%2B8x7VsrN1kjkPzhxBJyyq7WMzT%2FrASLgN20mJ%2FxpyUPuZvA8a7vBj6D1O1cF5Ur4Q%3D%7Ctkp%3ABFBM9LmPnr1j
33,DJI Mavic Air 4K Camera 3-Axis Gimbal Drone 21 Minute Flight Time,$349.00,https://www.ebay.com/itm/145078819983?epid=19030524135&itmmeta=01HQMY3VKK87KCF74HGEW7BV6S&hash=item21c75f1c8f:g:6pMAAOSwSwpkve64&itmprp=enc%3AAQAIAAAA4JjukDHno7yoAM%2BkA3mHjwEPxHwhFCNNQA%2BJM0vNwrhbFWN1KQqJhTz7N%2FWJtqkSj3b9fOJvfH0dFuABkq7K%2BFnEDFdACPHNnOYLBiuDcondtaDJWE89Zn140jgdBv87CLRRubQExlqkPIREOdzCgErGftR%2F9wk0mwuXgNsAfjmxpF24q2FRXKVNonTsaHXH5O6zPmrzRsUZo505DoXiYESjrlcaZ8zChK0o5YpKVLf4lNp7mlUxw%2FJQL%2B1LT2DruyV1arSVYX74pWEA4aNsQUe%2BoiZc892AfcLdrpOg0Rxw%7Ctkp%3ABk9SR_S5j569Yw
34,Skyxon v168 PRO Drone | 8K Camera | Obstacle Avoidance System | Obstacle Avoidance,$137.81,https://www.ebay.com/itm/226013418358?itmmeta=01HQMY3VKKN4ATE0916NHDSBJ6&hash=item349f731376:g:DJAAAOSw9RVl1iWs&itmprp=enc%3AAQAIAAAAwGaEl3duaYA7R%2Bc%2BFAw5dt3fP1Ipf4H1BNo0T5HfU842WoYbU7aEMCXTP6KBsqLPeCnduXZ1U%2BVbQJzX7deSW2r7a1myjYX8HIqM1VOVkYGo2VqCpEmkWtycVEE6JgTucF1MPKepWgKqPwIe9Kw1DElJ4TxmZUJ%2FuAtHVmxh%2BUAauB9%2Fs7mDnTMsz4iE0Z4em7VPuSCVAivGrk7I9BIl9EtH00H12sO18p7Y0%2BYtbQOvouGYGOba7vSuwOabiBaEYg%3D%3D%7Ctkp%3ABk9SR_S5j569Yw
35,DJI Motion Controller for DJI FPV & Avata Drone,$46.00,https://www.ebay.com/itm/334806896938?epid=7044720570&itmmeta=01HQMY3VKKHRYM0BCZ6AC6Y649&hash=item4df40bd12a:g:5KcAAOSwXD1lmTUd&itmprp=enc%3AAQAIAAAA4L9ZFIPlPbU1hZfwPyD8uqpkU3QbA%2F1g9%2BtCZiAOHhc3wx7HqcjNRWkwbLkeHQoHC5nlPjZBgvDPTiJUz%2BKppnLmYS%2FJkV%2BtuFv%2FPQ3xnswnIVUevaRWZbJ8FqW2THUatU4m%2BlMv%2Fx98zLMo2dWmzDxqX4cVIZvlbqjkmjlhD5ewh3hVaFudpnNCi2bZlKomv1bWHBTBZLfguAdDdbydf%2BmV8EdUC%2BGIlEhY8nORZMI2E99vSFDL9kJZA08tGM17v9s31821EbsF2aus0AAHsPJdz%2F%2BDoaF4EN%2BxtSG4OQPf%7Ctkp%3ABk9SR_S5j569Yw
36,DJI Mavic Air Drone Remote Controller S01A,$64.80,https://www.ebay.com/itm/334423304260?epid=17032785349&itmmeta=01HQMY3VKKKJWMBW0C2TZAMRXH&hash=item4ddd2ea844:g:aFwAAOSwhChlf9js&itmprp=enc%3AAQAIAAAA4AX7D3hdBdX7P8BbHqsPjBJaUUcM0q9g3XXRZjYJfvSz4vZ3c9Zz5QLsgyGYu%2BhTYvC69RngzqCUbP%2BUfHnz%2BhZo6s8jU883cHK%2Fba0mP%2BDaPT19spFCwr9JzlfeqfQuNLgADg23KV7f98fXWgqlt7yfuv5t%2FW1PnlSTBbm3LRqgJLwAWcTx%2FMqbUJQaFn4%2BwaodAeO%2FP4MOqfoZQwh97ANHSrPZYl9aXSGOTeqEkWs2PASlYH88yCFFwijrMwYI1qD2fOOo13pljFyrm39g6E0OGGt%2B%2FRdOpssqmT7VlaZL%7Ctkp%3ABk9SR_S5j569Yw
37,Parrot Swing Drone + Flypad Very Good Condition,$70.53,https://www.ebay.com/itm/145632156404?itmmeta=01HQMY3VKKAE0PSCQJ75BT1GAS&hash=item21e85a5af4:g:0jMAAOSwho1l23Wc&itmprp=enc%3AAQAIAAAA4FRqofJcaMzEsAfugnR%2FlgTfNA2L7oO%2B5PqpmBxes48lbrxEG%2FtvseYUtlM1Jhr9wfwxWZUXygaRnaofuHCKnLyztG3n12bdwNtsX%2FfcL%2FgZmYhFpt%2Bh8doSvikuzwQo3hOP%2FfSzZs1DEZZ9MCju07zgFKudtgIZUPzICdenZ4ZyRtT1HYfL7t4bgq8YT%2BQ6P3eKMJVuxgVYPpMu56uqmCjSpgbYb2LroEdlt3TWEWe4cdHfZWJ9hZiKCPCgRisdEJFewRVB9wF0I9KRLlvsNWuVqsCCqz8pPKmGwp8o9Bcd%7Ctkp%3ABk9SR_S5j569Yw
38,NEW LISTINGDji - Tello Drone - White,$110.52,https://www.ebay.com/itm/305419033988?itmmeta=01HQMY3VKKZNQJ9ZCMGX1Q7J3Z&hash=item471c649d84:g:EBwAAOSwDw5l3aiX&itmprp=enc%3AAQAIAAAAwNNiIrO%2B7HSwhQALca3fAEgnaj3CDF4t5FdBclTrXdMJQABkhdiRqtAaBNucbLhHiQxIpiEM5nWOao3R0cL%2BE1bhYM4up%2BUog5dvE3WB8CdA5uxBRW5dgKbbG7XdhRf5AS6nWxa%2BR%2BzJOI0H0XVBzYGZWNI7oD%2BsOUUDpYaBxP7LBh2S6AnIiwlG6k8A45WuzO3WKb2Pe5eEiKt3%2FNscpZC%2FTMffPYvHPrzFA0n0qJiwgLfQitGvVMvFLPyTlBJY3A%3D%3D%7Ctkp%3ABk9SR_S5j569Yw
39,2023 Drone 8k 5g GPS 4k Professional HD,$53.62,https://www.ebay.com/itm/364550750189?itmmeta=01HQMY3VKKE00RNAHZJCQ50NSX&hash=item54e0eaffed:g:FbgAAOSwWyNlPJZm&itmprp=enc%3AAQAIAAAA4PFnXfCqhnU%2FHAV7RRTcjVAWY37uV5tlGKNOjZ2eWa3mMGfW2px4PteCZurimgnYdaDnwrZvavS0kT%2BAVv6%2Fo2BwMLhUzvmEZROkfhyAema8c9TxYq3XSQ0EeDc1eaNJODSl6LM1o30qPRtiVWTy0lERhDu4%2FyIQVljP0UW192GTyQuk0mp70MwwBaXDfHq4QTtoo%2Bnx%2B1etjsE1AsXOHg5xngLTrUHw%2B8va9ZNKLd0swFHOk%2FGotkkTeyd%2FDzNpRvoRwJijoKb26RBPuw7jCZ3MT%2FJVizTBj4MYuvfmrShs%7Ctkp%3ABFBM9LmPnr1j
40,HOVERAir X1 Self-Flying Camera Pocket-Sized Drone HDR Video Capture Follow-Me,$349.00,https://www.ebay.com/itm/126197683818?itmmeta=01HQMY3VKKZJHGGJ3DYEQ05K4K&hash=item1d61f7d66a:g:T9UAAOSweV9lXHQs&itmprp=enc%3AAQAIAAAA4KSepCAO6fBOnkMYKg4KINbQy4vjMRRhBJO62MhEDcNCYARAY5we04mi3yZuSZm8LeyDqJc4hZDgDGTi16sS0obJ%2BrA%2BRMstDQg2WB1Cf7s3EQ23mQRB87yfP3x3Sw5HD9KttgyOKkMsvqnGs0b0MTzOnE2WrzImd%2FEuwRWKFcfTZi9YVrUiVDTb9g3fgAc%2F7BaLNvwKnIwYOV7Ot%2BNTchukfsggGvVwpkWjsEXvrzVhOUqg8xuRshh4oclHKdpUuetpYG9Rf4IBCnth%2B6Fcof5HDtbD%2Bc05Pw7Vi61N7dRp%7Ctkp%3ABFBM9LmPnr1j
41,DJI Inspire 2 Drone,"$1,381.34",https://www.ebay.com/itm/255656175190?itmmeta=01HQMY3VKKXDPB5DRE9DMXYK54&hash=item3b864ba656:g:TGYAAOSwQuRi57py&itmprp=enc%3AAQAIAAAA4KYa7o%2FS1ouLwAP1N%2FjXDMLzxv3e1YKwlleFYRsB820KIp947B49RhgTlysdrQeWOnBtzPiAFybmsY%2FY93Om1Z98x%2F0npu%2FbGeEx3ahtLogCS%2Fn8nMo8PGtuwTGaBUR03XnnlUEZxhwxKupA9%2FNPtYhKnggBMjnaiDFHeSBoQreKcnkT9v48lsRgP3m4puCOWXwbsvogaMuVHcV%2BDuQxHhXyFb1pa%2FpxyM2QJc8qHu%2FOAYFJvEhnExl0fur4TIAgTR4rFpmizdQ%2FuZDrsJKCReqrxSKkzJZFurLL4LFWzwHE%7Ctkp%3ABk9SR_S5j569Yw
42,"Drone LOT (2)Quadcopter 2.4G, 4-Axis Drones w/ Camera And REMOTE",$35.00,https://www.ebay.com/itm/256421147035?itmmeta=01HQMY3VKK2YG2KZ2SC9EYBQFJ&hash=item3bb3e4319b:g:Ra0AAOSwsJxl1lHr&itmprp=enc%3AAQAIAAAA4Bxenpmn3JIFGgXcm%2F9AOizC8pUX3WL1UkcXvx772lbM0IZOd4xpEV8g65nNQXA%2FomptY21rVOk59DTnAMvU%2BmP%2Bklb9etTA%2B2cxDdu%2B11MMU4D33uwcqPIJ%2FUukvxx8RHcDCR5YxiWdAxGez%2FhCwpYxqd9Z28bQ18anDilqYsl0WNiN824Xfd2AVpISDkiajA5HHey2ZnSf8RjNZX%2FdV8x6t7T1kfKNRGSCqL0gQ0arb8VGLIFqbwTpEq%2FTbOG5GOhNmMrmw9Lreq5aR7J2Z4GA%2BOha9WUR0esBIRFTvbEm%7Ctkp%3ABk9SR_S5j569Yw
43,YUNEEC Typhoon H H480 Drone Quadcopter with CGO3 Gimbal 4K-Resolution HD Camera,"$1,099.00",https://www.ebay.com/itm/354771620323?epid=2135581057&itmmeta=01HQMY3VKK6XDTSNPWA6D85CVE&hash=item529a0951e3:g:LNYAAOSwld9dHvEO&itmprp=enc%3AAQAIAAAA4DscDTm29J6xeMs%2BMeIlV3q3vQEqTCBl4hlBP9n6djap4aoa5MtxAniSW6CqKZKzaaTRT31MvYJAlKCXYDwsgiCjHR2UN0vSv3RteEJMgYIVOCs7jH1JCPO7TV3AcSK3MALTkygeNN1Us4%2FOlev5bjVt6wV7UJUeZYglOLBbrMdaZEhhlDBFkP2SdkarZvOOIpDW4out1K9Pb%2FTdXg53SPU%2BIh3j9tzZ39N%2F57xlDHLCJNynrWvwriY0cP%2FWtvkMXr3yaCWuzHeWc4QxHPEENJ9MRDL7up5YpFEA%2BZd48i9N%7Ctkp%3ABk9SR_S5j569Yw
44,DJI Inspire 1/V2.0 Pro Zenmuse X3/X5 Gimbal Camera Vibration Absorbing Board,$136.00,https://www.ebay.com/itm/334523522817?epid=1642360033&itmmeta=01HQMY3VKMSC9W9Q0X10VWKENQ&hash=item4de327df01:g:Q2oAAOSw~jhkrhnp&itmprp=enc%3AAQAIAAAA4K5puii3aWMYu6V8YD%2FUZCDW1iW2BfhQPdV5sgY2TC68Fp2ie90GiwbxpbNkZ8j%2F9E1vHleCLE2GFwcwfDr33HCgIBNmfH2cBNs2uqWjRu8YKGpTxeaKpjhJCFPCiEvN1h7HyhJc52WTxmLtnsKKNvz4MtIiSafJ79CvyMPmfgNOnG1shIjJnlAfH5u98DgSJEP5YJnklTnO2IVcI78x%2BYMgcgkzvNmNemJUzxP1y3F7MPVEtuDUjrZFJkWUcoeggeiT4p8eaieF9ASblHk0gbpPx7O73s9To6nAGW8n0zzr%7Ctkp%3ABk9SR_S5j569Yw
45,AirSelfie AIR NEO Selfie Pocket Drone | MaxStrataÂ®,$99.99,https://www.ebay.com/itm/115714620893?epid=20054887680&itmmeta=01HQMY3VKM566THT4Q13P0SVX8&hash=item1af120fddd:g:IBcAAOSwf3Jktgoy&itmprp=enc%3AAQAIAAAAwNKmM4DZbbkW%2BbR%2F1usBlcnxtOLIt5TbiZZfOsAWtIVSLXUp4XS7o3iOc%2BOhMpNjv8tpvkqzY4kpSjTaoewOgr%2BysXgQ3oc8%2FvAwlcAhUtRyrTfyL%2BfExdUDmDotXcswNFWRHgL12Pdi9zp8bniLnl5QQc9heQum1zewgx3NORMcSkmXrDEDK0bUwLTzhkmK%2F4VF50XU%2B264LMvMqWSUJwEB2CVnE3fz5naeeR1HM9S5rLJ5iGW0EFwzTc5g5%2FDOQA%3D%3D%7Ctkp%3ABk9SR_S5j569Yw
46,DJI Mavic Pro Combo Drone 4K Stabilized Camera Active Track Avoidance GPS,$599.00,https://www.ebay.com/itm/145050404567?epid=10033160352&itmmeta=01HQMY3VKME8BT6AXFXCJ9DWF6&hash=item21c5ad86d7:g:pNEAAOSwe5tlBCWZ&itmprp=enc%3AAQAIAAAA4PXa4noPfU3tiEWUIbC0Ty0UbZY6xJFGLuSYybpELJRtR8laCpJs9ruCOiIwE%2BixfnQm5W7HXjPJKzVXj5QxiGQErFLI0Q9FQKq4UDzkTq%2FO7SjOIZkPxf28h5rpU%2FZWBP8CQlWT1atRB0rZQcZ9jpxv4uOLKgAwl38eYrCkCwsOP4QmKuLhqZFNeLghRn%2BknbCmmZANJ%2FfWNtEsD9eGjqC6zaxheJfiucy58uO98kSdo458UovW8P%2B0Au8zDkoSy38jYM4l6fdFGSfOWoWOQBs%2FBeLCLV8L5ZSSifWMo7dR%7Ctkp%3ABk9SR_S5j569Yw
47,FIMI X8 Mini V2 9KM Remote 4K drone 3-Axis Camera Quadcopter GPS FVP Drone 250g,$399.00,https://www.ebay.com/itm/404186570518?itmmeta=01HQMY3VKMXKJVMSJFJ4WV1BTM&hash=item5e1b659f16:g:ADMAAOSw8G5kU5qV&itmprp=enc%3AAQAIAAAAwMR1Mey8mI%2F3JQCTEIvUFdKzk40UF%2BwaxF4XGkiFsbLaxx03a229AnXxDNuZ2%2F6nMDcxiIeOLWj4ncn9boGUnDMmbkKCN7R5VaL9mKIpAUNqToNzy75ToHJNX39O94QZHuwwCGyqeCUQZ30f6Y9Q1lKWQ8lZJ5cUeWKLhQHcj%2Fz032TE%2FHZ%2BRJTnfDi%2BHptym4h27eoagss23ZX5byZmqoDRgSLuQfq4HifejVsZal8IoOlJG4KUGrjGLyroWM1rPg%3D%3D%7Ctkp%3ABk9SR_a5j569Yw
48,SIMREX X300C Mini Drone with Camera 720P HD FPV RC Quadcopter Foldable,$39.99,https://www.ebay.com/itm/225971732128?itmmeta=01HQMY3VKMX5RA9ND0M49JX6FQ&hash=item349cf6fea0:g:IlYAAOSwKpBlr5tU&itmprp=enc%3AAQAIAAAA4CYnw8ydO%2F9V5OCu9L5vhkNdx7gPsGFUoWv5cu265pzO1qjyJnbfPoTvuPgoQU0%2B29KDgyVGlhENG%2BHmIqXE8hETsdW7RMI%2BFAik1A%2FjQpxoQHuC9dvv3P9A2kBHAW7nPbIJVR2p%2FaHI9qLb%2B%2F2EsISlZkpFWGS%2F1C5%2FhBs73FjxdxFz0WKbaHUsLUc%2BVjuBJMDs1buwpDUAMV2h%2BnOasAAyCYPZodG2AbbKW2gACJv%2B6lf3%2BT%2FIOqIdwwNb59Q7cfcAH%2FwKGMeeoFRJv3vY8jy0MK8pAMMNuskjVVIu8nzM%7Ctkp%3ABk9SR_a5j569Yw
49,E88 Drone 4K HD WIFI FPV Helicopter 1080P Camera Height Holding RC Foldable Dron,$20.62 to $23.48,https://www.ebay.com/itm/355222690753?itmmeta=01HQMY3VKMJ5AW9N2ACR5CYK16&hash=item52b4ec1bc1:g:PoEAAOSwkxJlXzCd&itmprp=enc%3AAQAIAAAA4A9%2BDH95lCIug9rFOOfsNrYr%2BE6V0rKdeOg6a%2Fb6equIPQEQdGmqsfeOrEXg4jrSEmd9CLY%2BQFVRMBYHzp%2BcFG8VYYamib%2B--BUDWVLXTofLq%2Flm6DFnWqK91n%2FmLoTrwTXTUhRqu3pXVXK4KGR%2F5nHg8PA8LhWxMmlS9FnDBPVKn7Ia6d8OU%2FyOdhPyOVfUkxaPRRH6osRw%2BviZT6OOHNI5OITOkN9YQ3l3giFnbR4VsSlmWu7qeCMITUx%2Bz1LuqyyeaR3dJi2KjuF7d0VKBbxe8Ba757qJe2J%2Bdvcpd94%2B%7Ctkp%3ABk9SR_a5j569Yw
50,KP4 DJI Drone Payload Pick-Up Device System RC Intelligent Airdrop for DJI Drone,$49.88,https://www.ebay.com/itm/145568462136?itmmeta=01HQMY3VKM60H26EA3PTGQGC2G&hash=item21e48e7538:g:-pAAAOSw3A9lriKi&itmprp=enc%3AAQAIAAAA4HYykbkXJQqqTrZKM00S0ZSmMCLwXhlPwDvK%2BOawsWJO7i9rwPOBeDTZyjfugxuLYBdztZU1d9DWLE9z2pJQ8Dd%2Bl3hNtJQunGT9w6nx5lWOZeXtUea0lJKSy39HoLjm2X4L%2BtEIfpqDZZthq%2BKbkb3x4GEpbSq%2FmwmyqIrhU9Z0yOmdNGaClAqMd9ZTNIzTFtv%2FYxiC5nmWqqnRzb0Hw%2Fx8yfb29mpfNFq027QdL3ooNHfDElRe0jKCR%2Bg50yrk%2F%2BOQNCfONw526i5jClxibkCfA%2FFsr%2BVDXeHsL%2BPzyTiY%7Ctkp%3ABk9SR_a5j569Yw
51,Black HOVERAir X1 Combo Self-Flying Camera Pocket-Sized Drone 120g Palm Takeoff,$408.00,https://www.ebay.com/itm/404646947495?itmmeta=01HQMY3VKM9AZEXAAEAJRY322A&hash=item5e36d66aa7:g:FVgAAOSwZBtlZHo1&itmprp=enc%3AAQAIAAAA4O5TjnalBTfEBti20TAjta0m8BxVbbUrsWoFYud5m7RQEB3rKa0fXt8q2J1IzBh5VEb%2BsJHEcggOzEzeV54V52PFmRDvUCKxzN0l7%2FZdHGOITpwS4t4VDJz7BLEwXf1sO6VONGPzs1I00Xl9CSEHYRjg7jOPyurSunT1xDumOPXl0R91FIuUz1Mtf4Ai37ODtTfFi00vlc52K%2FtdhuBXWONZgJIRZ6ff3wyBG%2BVp2xCuOJYdoxT9XdoBGEWttbH3X6FIG8fIpskcT9PXHbB6TSS7GGnuh46yqiGwastouRf4%7Ctkp%3ABk9SR_a5j569Yw
52,AirSelfie AIR NEO Selfie Pocket Drone + Powerbank Sleeve Bundle | MaxStrataÂ®,$149.99,https://www.ebay.com/itm/115719901939?epid=4054856016&itmmeta=01HQMY3VKMX48WRQS30RXJJNCR&hash=item1af17192f3:g:6GAAAOSwnTBktgoz&itmprp=enc%3AAQAIAAAAwNhSTRXkZixBq7vjLy6H9E4pb3fouM%2FEiBIOEDYzfBYhALdO0M2N8hBS8hTEgq1b1VKn%2FBwQf6SXog31W5WCgsbvkxVfiZMwkjlELTucpAE066voVkilT3xbkGuOhNMBQe2TMHRof%2FbejforFfOesk4KRlM7DsxHY7Zv9pVPWfwaRwbQD9ZN%2FHbjCku1al4Zwf13QVvtr84SHi%2BMlaB6c731d9sJ5A0XdK6fZzbPAQNqHck7Ba1vQnutU77lndXq1Q%3D%3D%7Ctkp%3ABk9SR_a5j569Yw
53,DJI MINI 3 PRO (DRONE + BATTERY) W/ ACTIVE DJI REFRESH CARE *FACTORY SEALED*,$443.93,https://www.ebay.com/itm/386809557783?epid=11056206733&itmmeta=01HQMY3VKMM4HK5012QPADQ9Q8&hash=item5a0fa57317:g:PV0AAOSwawZlzm87&itmprp=enc%3AAQAIAAAAwN2A1cTIlLgEIE%2F9d68W7AkuRdG%2BGfmv49WuqiLpkZ26gxDQ92TiJH4ITzbp1MxZ%2B1%2FdXwpHWuQoLudi2M5sioFDkeFyAQ3c3vmOqf2X21tozWdBvEykIPixBUNecHumaIwX4HYpqI9C4IJAJtJ0HoOcHun7Yw1bDhDMqxiw0POieP66n8MKA%2FJezm9TBCLG0ocS8rHSMGgtbBkRrSCH7h8fI5ge77HiFHHSCQc12lduSW2TwmecVjoHIL7VNAKmwA%3D%3D%7Ctkp%3ABk9SR_a5j569Yw
54,HOVERAir X1 Self-Flying Camera Pocket-Sized Drone HDR Video Capture Follow-Me,$49.00 to $459.00,https://www.ebay.com/itm/355287642753?itmmeta=01HQMY3VKMDVACA0G8V40FS1ZB&hash=item52b8cb3281:g:9sQAAOSwUVJlen3e&itmprp=enc%3AAQAIAAAAwNWb1G%2F3k4gTiQvQqidMU2F0OjIqP2SyCpVKya%2FX7dOk1ZOBEx5zvJ6PhrUGuEEH%2Bl9es1kLAEnI8TwyE5htxfVlq8JNAfUgCtrmSRM%2F%2BkGsf51V3R6LuG9iJhE7LhBOvQYZzWNna%2FdkF%2F4wyVx3t5FHiT%2Bl0w6klcj3xPLkVtUT0Qy0ENjiDY9IYKQWn74q42BKTjaJBAuHHOntHCOEPKhLCjWY9fKLDZ02g2uVPcrM9e4R1Fj6a21n52tMA5XHoA%3D%3D%7Ctkp%3ABk9SR_a5j569Yw
55,Parrot Disco FPV Drone PF750001 Set with Skycontroller and FPV Glasses,$109.60,https://www.ebay.com/itm/166614072951?epid=16026970781&itmmeta=01HQMY3VKMH2J0ZESHDN5A83MK&hash=item26caf8fe77:g:5ToAAOSwOnZl2dU2&itmprp=enc%3AAQAIAAAAwLaEXsiT9K6sq4YojqV%2BWpX3Bhb%2BVtPI2XtyCwdcnBAj%2FfsXtNUlScQIEPG1nUvrxXehRjh3NfSyv%2BwuVxv65CnexBoIH26yxDhAANw5CHoF2TX7ic%2FCWZL%2FIp8vPUQvZcyLnEQMhiqp13cOkQh3X88OZ36x0kZZqmyZ92zA%2F5kekhT0rkKX6ZaGosDOd2P5Ur4klA10d5%2FC%2B4CIAokHudvm6cOTMVS7x0Rwlhzv0CXl7lVs9pRwAnm6EQ6inGSY2A%3D%3D%7Ctkp%3ABk9SR_a5j569Yw
56,2024 New RC Drone With 4K HD Camera WiFi FPV Foldable Quadcopter + 3 Batteries,$36.99,https://www.ebay.com/itm/126295564220?itmmeta=01HQMY3VKMZDF6MGS8F7NRG601&hash=item1d67cd5fbc:g:UNsAAOSwgRFlr1--&itmprp=enc%3AAQAIAAAA4M3lNzrrzzQ4mERqqvGrolz--m18SmNtsIhUlAgppoMTlqiigR4FggdyiDMpQIvLjuj%2BCO620nwizRDVRmPiNbZSkHoDljM8d5fcJlm7Dr9%2F6%2FKNVFxd97kGbRjSY6SHJgMJredN4wGONTNIMKavTITS4Z%2FRL%2BN%2B71E%2BjuaNz%2FUqdR3uSdi3RAbET98AJ%2BuvUodp3mJVP0W5zi0vcbmZVgvFRrgw02KCIDl%2FCM8%2BuRup6oMI%2Bph7avqLpT9SGCS8mjeflJ8GkLtGJemo68MC8zNK2%2BdeVhDU%2FvWVfCAyc%2F%2BN%7Ctkp%3ABk9SR_a5j569Yw
57,New S2S Drone 8K HD Dual Camera Brushless Motor Obstacle Avoidance Dron RC Helic,$65.00,https://www.ebay.com/itm/404816550584?itmmeta=01HQMY3VKM90JZE27NDHH5CXV1&hash=item5e40f25ab8:g:HoYAAOSwtxll2Oxt&itmprp=enc%3AAQAIAAAAwK6xOIj9CDOOQIVp2TVr%2FwdVPz%2FXOkLTbnfmNzCUm9gQdKGqYGCoOCcQVLu%2Fr1kxkEeaGQN7%2FDG09NI%2FLsf5dXfDCrLQ18yhHj2bMREck8WQWUrZ2ts7DlKzBxoqQBtN2Tl%2Brwfj0gnh82Ceqa7iX6%2FYwRx2iYsU%2BF56Cv1vWTdjLuGK9aEJDoRgsumKDGCNGb5ahRuJ2XKJ5G4u2YRm%2F5KuXVWQu03SggpAcW%2BRAjVmODo5yA6v%2FuID6eytYnAWow%3D%3D%7Ctkp%3ABk9SR_a5j569Yw
58,C-FLY FAITH MINI 5G WIFI FPV GPS DRONE 4K SONY HD CAMERA 64GB SDCARD FREE BAG,$163.90,https://www.ebay.com/itm/355463037971?itmmeta=01HQMY3VKMRAPKQEYYXX3KN4X2&hash=item52c33f8413:g:x20AAOSwpOplI01p&itmprp=enc%3AAQAIAAAAwO3HZRKVtkohmHzac5cNklmVC5UzieDMesa9rJDf03CsLVxJ7wIdNoRqwV0ui4SvyK%2BUspchuOnFkRiECaT%2FM92aEEYHIPt%2FkJ7vZGIrWmXrdtB%2BeOvq%2BbkkCZCvWDBHu%2FlAkjUp%2BpSk5zzeZL98M8PPyQzxRkcGvUBWq4vMAmrhPA2okP4s%2FOZsp0%2FM0yEn%2BGdl%2ByGoEkFmPTBKqogYf%2BiPGZYvn3DoJzZIELodomwfHI0kfP1Jyx8vKQihHJ6BIA%3D%3D%7Ctkp%3ABk9SR_a5j569Yw
59,Lenovo G6Pro Drone 8K 5G With Professional Camera 8000M,$64.99,https://www.ebay.com/itm/355190899907?itmmeta=01HQMY3VKMWQGZ5D39RWD6P3Y8&hash=item52b30704c3:g:NLUAAOSwA~FlUiEC&itmprp=enc%3AAQAIAAAA0OMfb3tO9gzr0KlzrpWSa5l21Gp14zQe8sjeIdiMMdNPQwoZMuCqCtRXGLioC3ONSRFPQd6KwDnhDfnwOjdO--Es0bI2JMV8bB0T%2FCFA%2FiRkU%2BI3XyVWKaES1oH9%2Fw65YSJwhBkSPmlxopUoSpXjNuc2vzbijdNL96IurRWaup3GWReHh--9w5ABgBtn5MuP8stNblv8gwOFALjfKaxP%2FZBteQ0WV9sCXArDjZqC6S3q3N%2BaLVtVxvM7Y4bU1U8g7x8ZUiNMPqF%2BlX83AQsIxy8%3D%7Ctkp%3ABFBM9rmPnr1j
60,DJI FPV 4K DRONE ONLY NEW,$384.32,https://www.ebay.com/itm/266133650870?epid=5044699675&itmmeta=01HQMY3VKM5H4SWEABC8V9NHSJ&hash=item3df6cd3db6:g:dkMAAOSw9RZj7c3N&itmprp=enc%3AAQAIAAAA4L2KZKwXncpBUkwe0s8uwxbAUhfbBeKxGGa0W45cXEwhu6uBmTJwrqKKXrwRk4FNVQfP0xlKt1c0RxoklkiotqzmfgV7bMMM0QqUVhetACK5pHcqHnxn5LCdYzU%2B7HXkn2R7DHPopjyD%2FO4hv%2BuIgTtt5AUt6qjwjyCCkqs1%2BBx0bWWoU8B4DRZTk23uGmsextC2otZbIpqJ5FjD35wM8oE%2Bmi8F2HDP9X0JUlSubVXjufUhsbNJnFLJJvo7UBYyIIsasRDF4d%2FVgUI9z8z8aPeXB%2FycZwtdwneeDf30GUL1%7Ctkp%3ABFBM9rmPnr1j
61,,,https://ebay.com/itm/123456?hash=item28caef0a3a:g:E3kAAOSwlGJiMikD&amdata=enc%3AAQAHAAAAsJoWXGf0hxNZspTmhb8%2FTJCCurAWCHuXJ2Xi3S9cwXL6BX04zSEiVaDMCvsUbApftgXEAHGJU1ZGugZO%2FnW1U7Gb6vgoL%2BmXlqCbLkwoZfF3AUAK8YvJ5B4%2BnhFA7ID4dxpYs4jjExEnN5SR2g1mQe7QtLkmGt%2FZ%2FbH2W62cXPuKbf550ExbnBPO2QJyZTXYCuw5KVkMdFMDuoB4p3FwJKcSPzez5kyQyVjyiIq6PB2q%7Ctkp%3ABlBMULq7kqyXYA
62,New P15 Mini Drone 4k Professional 8K HD Camera Obstacle Avoidance Aerial Photog,$77.82,https://www.ebay.com/itm/285566192827?itmmeta=01HQMY4DJ1MQ8ASAQZMAF5062G&hash=item427d124cbb:g:IrgAAOSwjVllWarn&itmprp=enc%3AAQAIAAAA4CAz0wdN3yJoEeK%2FvYMyrysGc%2B1O2NxI0g1VQj6Vsh7YSBv%2BBgMNWFcl8a2e7O%2B57X5wBmss7zKdh0EhtnxSdevNqYg7Ukslrki8dk6mM%2FbN9CsZOMpB%2Bzu8f96fIs4oYJFAE7MB%2FvgSgdr3yOWJ5ZYVNszOCn17XH5EJlQoO4J9hjVbzcsOdbx4mpF7ulpdyPrxhBOFbW8LtbSBONHKI4ITO0jHZFYE65%2B0wcU%2Fs9h9IcWr3CWmo7zOZ9%2Fs03E0OPTrmzx0RBxcaPThs4as5empQkX%2BohyUl%2F2wIzbIwVNj%7Ctkp%3ABFBMkNmRnr1j
63,Xiaomi MIJIA P11S Drone 8K GPS Professional HD Aerial Photography Dual-Camera Om,$87.12,https://www.ebay.com/itm/285595815205?itmmeta=01HQMY4DJ1WWQRWSRK7VJJ2E2C&hash=item427ed64d25:g:vGMAAOSwPyhlcWpc&itmprp=enc%3AAQAIAAAA4D0ukLlUaHXrXbWyctPgEKvOeAmGexnSUrEFNP%2Fp8zgwQVE5qzUJWBecMs49lfc%2BgD%2FpETMTpyXpUh%2Fd%2B9wvPLH0Y57u%2BI2rUZ11jEDt6X12NlMrsgBqLhnAB8SgeELZwJv4fyxLfC%2Bo1HiGNORI9p0ZA9Y0VKokrw4slG%2Faj0E5ZDFd4FMEH7%2FFjU7d0U7jZSGi4hNPygJSoo3DDI4Ap0BnTbYOWQMQqiJEnlzsyFlsavf2knRk5r4tUsiOh064HkLux%2Ft3vNQ3cBWGbAKxXMuT7J%2BYQC8B9XKcph3rgkVi%7Ctkp%3ABFBMkNmRnr1j
64,Drone camera 4k hd,$47.00,https://www.ebay.com/itm/186205165019?epid=22058841067&itmmeta=01HQMY4DJ1S7Z77HWA6EQ476HF&hash=item2b5ab155db:g:7UUAAOSwAKdlUJIY&itmprp=enc%3AAQAIAAAA4KXq0Y2ps5vENsSE4OfnVYPNvdoaNoRbs8F%2BqhJROjEqRmGf2tyiuW52Q8RAlg8NMa4d6Pz2pJ9DWX9HG6srK5mp%2FWyeWvlCYeVpEN3irgFLFXNiJ%2FUoRZR%2BGagAfHXTpuMkE9jZ3pzE5h%2BLW39O7Q%2BdqX3eSWclalysOeOfVAKfOseDu9JRAXNe1Cx%2BbOXyRHhYg2yKifs3VhwOCY393tsDN7WqWzBD54JmMP%2BB4pIOktxLDt0Q7Wuao6A9sHTeVzrz%2FPXY6UiRBPIS2%2BuZ%2BytNg37cwLW%2BFBCz3KEDOG4v%7Ctkp%3ABFBMkNmRnr1j
65,Lenovo LU200 Drone 8K GPS Professional Aerial Photography WIFI Optical Flow Loca,$75.42,https://www.ebay.com/itm/285654763779?itmmeta=01HQMY4DJ1VZ1RA27E5ERGNHTT&hash=item428259c903:g:l9sAAOSwsQllX7-1&itmprp=enc%3AAQAIAAAA4N93LE%2FPyBb8Zp9QHjUdAJE%2F8LvjH5v3xfabSeHWUzG1AEHgkF1ARnY4JPCNKtpMQ9W1GWEbOHT8EzKNLM%2FvUjRXvsyg%2FfIGj6vmhDXZga2dRXyX40LoGhNzz16fJ1DyPGR87oHTy%2FYf9Nwn4h9I%2BJ62rZsDe3ZXpMJyUxGx%2FafW0Xix0is3s4EkM%2Fkdmny8W2M%2BakFDjnta4j63xSRKmWLnCkSE6MkVDpP6XrsVDyrmSPC0boVLWqOtvzF3r8YYfE3TqdkbfuoTQVhBBwKmdkkLzA%2BjEOF2%2BHmmlKzGq09e%7Ctkp%3ABFBMkNmRnr1j
66,2023 New RC Drone With 4K HD Camera WiFi FPV Foldable Quadcopter + 4 Batteries,$28.75,https://www.ebay.com/itm/404612164265?itmmeta=01HQMY4DJ1VPHRQXWKJN384C1J&hash=item5e34c3aaa9:g:2VkAAOSwYQ1lTQNF&itmprp=enc%3AAQAIAAAA4JtjwohKm9%2FnzbzCAKbVlH%2FdqqoW3dcl6Wd51KRLAQKeVBZTib5oULAqyaGXsdxrNz%2BoS5veR3n9oQ%2FsyyQR6I3kFgnsUke6JbktswBTk8SuzF7RmdG15iYqo7L3T5K0CP9a5Gsu0jssOn4n%2BlTe2JePf0g14G9cyQlMO7%2FLGsV9XmWkzFLkW3cPLtvIeTp%2FqHelNK5ekdQWuZzGlLaFgFeTKQRCj0P6OIGxM96BrFL%2FjZuztLw%2BrkO7fdEmAHgBftdziW%2Brusa4%2BAyq9hZW03fLSVzugpFdEVZCPXqK7RKw%7Ctkp%3ABk9SR5DZkZ69Yw
67,New V168 Professional Drone 4K or 8K Dual HD Camera,$114.16 to $171.24,https://www.ebay.com/itm/116031505634?itmmeta=01HQMY4DJ1YAWVRRHZ3W52X8P2&hash=item1b040444e2:g:lWUAAOSwusBlmUvs&itmprp=enc%3AAQAIAAAAwEn%2F07TFMNTCoSpYPhGqEBgVqfi8XWCRdzOgdSuGJ8tj2VGbMWG%2FhNQkLIcVsT7YnjMJEFqwjnNgTByyoOEMsgnXR7Iy%2FolHTI46jhkPc40wR%2B73Vu6so11JM7HTUPLZgx9%2FFh4%2Bx%2Fhr5y9Smke76qN%2F8HrS0%2Br4%2FyyudqMso46sekjgtL9QhO%2Fcs4mvqXthk%2FUqElBiFUe%2BxbHntYDRGxfb2cFJgbXrsGeGf9jYPwZccfKvdQbQYsdUMKHAmusVJQ%3D%3D%7Ctkp%3ABk9SR5DZkZ69Yw
68,"NEW LISTINGDJI Mavic Pro Drone Bundle w/ 3x batteries, case + acc - great working condition",$94.00,https://www.ebay.com/itm/285733352893?epid=2111394582&itmmeta=01HQMY4DJ1H01C7HC0YXD5PCYE&hash=item428708f5bd:g:G4MAAOSw441l3DcN&itmprp=enc%3AAQAIAAAA4DjTJQumI6d2cs17kP%2BJ0VjLrGK5LX9PiZHiu05slnk1r68t7WLolX%2BXEvX5GP10lJbKwyFn0rItZhUqnza2%2B4Sfl4hOD7sf%2FwuyZw4TEVwuNseNVAmGx5TQm6HZH7wLTq0%2FpbOHwpzEhtjcv6GnXPZWcTpx6KdwMu3oCJbG9JhqUvSJRYh30ZnaokbHP0r4w%2BkC1BwpItH%2FRMT9Eq6%2Fn4%2BShkHBkkjbqaFO4EWbE8HrgJLhL63WkrpzMk0KN3ht7tpUOcM%2FNZJt%2FMvwtcxOZSX7zmlXa%2BZgpqeAxs4zk7DH%7Ctkp%3ABk9SR5DZkZ69Yw
69,Lenovo V88 Professional Drone 4K & 8K Dual HD Camera,$13.32 to $71.03,https://www.ebay.com/itm/116030529256?itmmeta=01HQMY4DJ1XCRPDNN4TGFK10GS&hash=item1b03f55ee8:g:X6kAAOSwRbZlmB8d&itmprp=enc%3AAQAIAAAA4C%2B4jHB%2B3oIq3SuFZwCGfMtK%2B5wuCEfxtEdY5OaKrHslddibgYPAlwWIUhssQgs3MXbb7LnLCbQmsSmM%2FGv5VO3%2B7EaeyuOTgKN5EpdTJRzzqMxLtYkCbSQUOYkUao%2Bp8wsLED16BTlaCz9CXbay3TOY9VYKgapXUsT7Pa24JRgcWiLD5X1BFjYfy22Z0jNvWr7dQAhUEVH8Qyq3%2BE0e2aQAOcNd8c2rHcbwxIrBYC3gPgZgRu0K%2FCCAtkvtqKaroOwRsNqkDgKdJOpJRwjxHwh4jMl%2FFwTcNBktg0eTGfGQ%7Ctkp%3ABk9SR5DZkZ69Yw
70,NEW LISTINGDJI Mavic Air 2 4K Fly More Combo Quadcopter. Plus Extras,$112.86,https://www.ebay.com/itm/364756140615?epid=3040640008&itmmeta=01HQMY4DJ1G4DZPHYD7K3JYPA6&hash=item54ed290247:g:aJkAAOSw-GJl3Q1~&itmprp=enc%3AAQAIAAAAwLp3jQta4aJzBj0fsIhxTHwDG6sa9FbM2IwKodVteB%2BMYOPmvyG7H%2B6QDR1UPgyBluOjyXhzbNafkCxN8QMpy%2FUSxCQjaUxE78xNGB7AfeAj1c9x7lpFuN%2BlLRqFnogTvGheYBkhIbOI1VOsEbFrADHC5YkiHWVMt5frLRjqNZpRXdWtXcnXjo0ARFJ%2F8nNv3B6AUzhhi2s5bFvL5w2OapZ0za%2By96HfRCvDlfIqzy9Q5AND03BZir0MYbfUlIprAA%3D%3D%7Ctkp%3ABk9SR5LZkZ69Yw
71,DJI Air 3 Fly More Combo Camera Drone ðŸ”¥429$ðŸ”¥ViaðŸ”¥dronesky2. shopðŸ”¥~!!,$403.00,https://www.ebay.com/itm/364753133088?epid=12061956321&itmmeta=01HQMY4DJ1334M8C2AHYP6G2R9&hash=item54ecfb1e20:g:3nMAAOSw6Upl23Mc&itmprp=enc%3AAQAIAAAAwJJlrx1CDyuMCk4%2BIAsuZ9rqHq2Jlr9UxooXpTVfsVGMNJ5e8%2Bma0h4uEaIEyYuSGjA0mwtPoAEKk%2FhFWub9%2FFKfmXFXi8b2sOVG70MfV4xBPX7xQ02LbA8OG7x%2FMpZ6Vrz%2B5oln4vBhpX9g08jaWS4owm1jKKuRgLfLMT3zfvRMzdxNmsgbDXoJTQwsPJtydwMhTCeoR0b6ZsdLcMnFzgOn%2BI5yKnN3mv5Y%2Fz3QYWX7JQcdjdfY94Jzq%2BIC28pQGQ%3D%3D%7Ctkp%3ABk9SR5LZkZ69Yw
72,NEW LISTINGTmotor FT5 fpv drone 6s dji bnf,$278.00,https://www.ebay.com/itm/355496394910?itmmeta=01HQMY4DJ1HT5BXR9SMJAENDV4&hash=item52c53c809e:g:FxIAAOSwYO5l3ab1&itmprp=enc%3AAQAIAAAAwPC1c19OGvUa2rWRONMWxvOa3GVhy%2BPJArcNAowp%2Bx6JWpSsRA4ePOIxkmiuSO5poCe3ZN%2Bq6wO6pfltxH%2B2Yr086657sgLsPlaS73kMqJhclDvDSwmu2KW2VTU%2Bw18qgDTEU4AqBkQkOBq%2FU5pMxIKgq6CxX96g4m%2Ft2ELtRBFAP2jAMPMrCOZMjL0aophErwCIljY%2BcnHfY0aKrS4LtpuUBfoo1%2FaMmjdW9Y0lkhjhIyAyIEBVrXTM7eZKpW3oBw%3D%3D%7Ctkp%3ABk9SR5LZkZ69Yw
73,NEW LISTINGDJI Mini 3 (Drone Only) Camera Drone 4k,$34.00,https://www.ebay.com/itm/156084406856?epid=8058113456&itmmeta=01HQMY4DJ28S5GD0EPD78SGCE2&hash=item24575b0a48:g:beoAAOSwILVl3Ume&itmprp=enc%3AAQAIAAAAwLL0W7dRaHN9FajaNTBm9l5kYrXqaHX%2BE1G7h31zMl3%2FXXHlO8LSJ3PdGaFgXUFwHt2JCJRkOGKbGP9HoMhXCShvAoaqWaCaCmGpHMmzHPouQaReA9RcR8ooFckxRMNu5ILCMnKJ%2FV3oA4PFaoM87PtyGT0DxS5keJz8g94xKSq6BqOZjnGyt%2FlyGMKSB8psHDiRwwrDhOPOJ5xpVlF3K2SkQgiUVaU%2BPq0j7hgc7nYajkSX%2BDQK8nJoHzq2YQxOug%3D%3D%7Ctkp%3ABk9SR5LZkZ69Yw
74,Mobile Phone Remote Control HD Aerial Photography Drones Four-axis Quadcopter,$29.55 to $36.68,https://www.ebay.com/itm/314608732433?itmmeta=01HQMY4DJ2TTR7VBSCNZD43DH9&hash=item4940244911:g:4rsAAOSwpLRkbXnG&itmprp=enc%3AAQAIAAAAwOHALADARKZV7gyyUvg0lD9hnvLK0AFtDmmbTUGOZG0xJoXunokbqRi7QJBUrvwi8GXQ6PVqiq3Kip2XeSaUEVPFu89nCi1rPoiQ6ky3u7ypaaLykYs%2FXttBnoO%2BmVXv06ZyTFJjWHF8faoTjOvpmuaaMkX284u3oXqyE88xbh7rFJ31qttM56IapYxxcFulL%2FLzWSu0KscQKyECHUWHxpMYraTo%2Bj0Ns7MekTuzQTN6xPubGnvQKWKeFVc6mYSGng%3D%3D%7Ctkp%3ABk9SR5LZkZ69Yw
75,Lenovo K9 Pro Professional Aerial Photography Drone 8K Dual Camera HD HDR Obstac,$77.82,https://www.ebay.com/itm/285659071546?itmmeta=01HQMY4DJ2JWRW34HHJKMA9FXA&hash=item42829b843a:g:VIUAAOSwEetlqQmb&itmprp=enc%3AAQAIAAAA4CsGTWCggU2Vz7R6IX4gud6XSEu5g7Gr7R4fNUF9SOF7pX4BBSQIA0JOmJ75PPlqCqIxMBPqHvVcVwUSmDPcVOOE7PkgmBTYVAVFx7iMdWZpDr9kl8%2FFLjqzsk2y93%2FkQFJfgZhlZQPXl8xW6aAnq9OYqz2WvV%2BkvNTAjpkHs4mrhvHKT9TmXGIbEtjGkEoLbcL954qJ4%2Fffn7OR2vqWwsf2MYhQjbHnIfGkMyG3ZXw3hOz0nZxaJKBR2X2PVZXRpSUDgoCH7eM3sJ5JnWsT808uhLzkJ4E%2BLWUDO1vFE1cf%7Ctkp%3ABFBMktmRnr1j
76,New V168 Professional Drone 4K or 8K Dual HD Camera,$76.07 to $114.12,https://www.ebay.com/itm/355463823791?itmmeta=01HQMY4DJ2TSV08M3GNQ51VEK3&hash=item52c34b81af:g:OW4AAOSwV0FlzJzJ&itmprp=enc%3AAQAIAAAA4LvPzr115DNdlvEpi3dcvXnnroiDyu58YodoixIteD7GOkHLBHCpGhbl5ezRc3HttV8rmM32wIkeUm4sctNoB1vWYC0mGHUAH8GxEasFZQciKiIryfL9ERv4Y%2FfqBzxKq%2FuQoDWE5s0wvhXPF97NnGnwwji%2F3OFeFpEJ5%2Fmo8UFjVTn5EmLT2z2PZjWrl8%2Fn2a2Uqes7MN7hLAPlv1gf7ayb9Pc8K2LNZCHg3%2By6VktlLN2dw3%2BWCs6D9FXMLmxJzQuQrES83ErZwx42zUSxJJlgbO0HiYJD%2BtJaqB8d1ByF%7Ctkp%3ABFBMktmRnr1j
77,Lenovo G6Pro GPS Drone 5G Professional 8K HD Aerial Photography Omnidirectional,$83.12,https://www.ebay.com/itm/285600263897?itmmeta=01HQMY4DJ2EAJAF1MBTFSZDP0K&hash=item427f1a2ed9:g:ovkAAOSwC41lX60f&itmprp=enc%3AAQAIAAAA4BHGNZqLQ2kAIQb6YvwkRKU9eeWlt4fIr52%2BLnbwbGAAJ1sg4kLG5h0j6Q3fFNcUzK5%2BzT4W3qFq7kdNdKi2rKlVLYG88%2BRzwclSCx0YoYsje9Yrt54itoi20wbvQKJZBb1QTj2oxIDAcl7zDmflZO28PklIeItaEtMqvAVITNmI1%2Fyc1eoo5zlPnRjh34N1Cvi97gp3GsP%2BLB%2FIShTUCIvdm8Ujjp4hiwoFEI2m%2BiJDK6usFhJH4DtusnFG9xmGGwYNb66djN5jTSIzvkdD7%2BC%2FGoHOc6MRO6zkTdzlGo4Q%7Ctkp%3ABFBMktmRnr1j
78,NEW LISTINGDJI Mavic Air Foldable 4k Drone,$130.00,https://www.ebay.com/itm/126350794871?epid=18028335120&itmmeta=01HQMY4DJ2Z3V0BH641T804AVX&hash=item1d6b182077:g:AC8AAOSwgwdlyoFF&itmprp=enc%3AAQAIAAAAwMlMdaw7b7IhTS2D0qEEyfZrgh8XAK3L7L1FdL40ccbh7yllt7PRsM0erwhYn2z7ajoXNL4f8t9yU5dsBciW012%2FuXvIpZQW3HB8pt%2BCCsundaC9qmF%2BLMO7dEdyKMRN7KrKZDbGFsXyp8z6OjlZn4LKkd2U3H3wkjGii4vhVW9PD24SsBIFI%2BEWRomF%2BSzVS9tkqNajgBxCa6P5I9P%2BgrZ4%2B3BNHyWdrIpOIzCTh4ELSnXIwPDEQBHqqEL8cNGiBQ%3D%3D%7Ctkp%3ABk9SR5LZkZ69Yw
79,DT908 Pro Max 8k Drone-NEW 2024,$94.82,https://www.ebay.com/itm/175918639305?itmmeta=01HQMY4DJ23A7R78Q45YSG02QP&hash=item28f59168c9:g:6IkAAOSwxM5ly0Qg&itmprp=enc%3AAQAIAAAA4P3HbHz4VU2k%2FXwzqpyh%2FwCtlOtNesSNY%2BG0mKcQP4ftu3Z4Ffo8iVHxARvfLL2clBST49TXX5139RLWuRTKI5r2sJ1u08FdpRmyk17aVplvSm0KAA29UjTjqq1v1uEGM70f%2F%2B%2BanIquKhRDjYpa53K4%2BOZ9UHIh%2BIVxhKxXoh7DwnoG1HAosApbn1XTtc4OgQN4cVwlBS2uFHjTGJa55kWnjg4EhU7YYkyiObi4b4JyCDJO3G4VTGALbVopU2pLvXjjiyA7GIPt8Xu8Uxlwjf7Kc9OJds%2BCs4l8jmkacm3q%7Ctkp%3ABk9SR5LZkZ69Yw
80,DJI SPREADING WINGS S1000 DRONE PROFESSIONAL PRO AERIAL WITH CASE W/OUT CAM+,"$1,874.99",https://www.ebay.com/itm/325889745340?itmmeta=01HQMY4DJ2A1ZKRR0VJQW1DS23&hash=item4be08ae1bc:g:BB8AAOSwoChlVrvv&itmprp=enc%3AAQAIAAAAwB1UWGi%2B3o6XgfQONpX1YXFGQyMXYAmumu9T4Pcwyi3lVGKV%2FDlemrf05EF%2F6Fw%2FeGZ%2B8A4guu1EGqcuOU7FLsx6pBLX0F%2F5Dmml4gfOABUCrl%2FSSZi7TNSQkB%2BzdkL9%2FirCbDBrWC0JgxD1%2FmLQcsRxTFwAoGMDEJ0G%2BKQ139%2Be4vxq3%2FeYbjUjwlIRmo3A8q%2Bpx%2B%2BOjVmSfXu4bleic5pv0TAzLyJvivxa1g3GN0OpAIVdM%2FOPtDKVFvtkmxE9JQ%3D%3D%7Ctkp%3ABk9SR5LZkZ69Yw
81,NEW LISTINGXiaomi D6 Air Pro Bluetooth 5000M Professional Drone,$32.54,https://www.ebay.com/itm/166617040098?itmmeta=01HQMY4DJ2HNEQ861FA5F5P9Y2&hash=item26cb2644e2:g:OYIAAOSwtF1l3Igf&itmprp=enc%3AAQAIAAAA4LaeFaG86yLkLFRcnU5Y5ieZX2lBlk2pbXcZFmhgb5ez1wn5T%2FFTkR9Hf16IZSnrc%2BPJzBZnx7tKvHIpPDuGwV0lcKb1eZcWqGC%2FKRnxdK8zTTY%2Fjp2pEraoqFCAOcS0nM03Vt%2B05wDnxEOac%2BnCWxdLs0GSBCmbcZ5h6rjSo%2FrJUbWoQPkcVznWRLo9yPn26wYwXI445mxrba7om7kuA3OfturFZSQ9kZ6Y%2FKw4XtEML4KzBWXOEvYsOpBLeabdQ7cU0k5mjCpVkTJ4q5UJ1G97JZO8e9nAIzVLD0ezXxgh%7Ctkp%3ABk9SR5LZkZ69Yw
82,DJI Mavic Air 4K Camera 3-Axis Gimbal Drone 21 Minute Flight Time,$349.00,https://www.ebay.com/itm/145078819983?epid=19030524135&itmmeta=01HQMY4DJ2AQS0FNTSM60AQ1JE&hash=item21c75f1c8f:g:6pMAAOSwSwpkve64&itmprp=enc%3AAQAIAAAAwNI9vit4K1a9W4X0pfFlW3do0e0STTZggDTQy6MfItPHV%2F4xbLaR6Q59tR0PHEEfV%2BfDZdoG5z3Q3fasAQZH1iEibHLQLsh8UIMy%2BIarSUqMqncJuoVUGG6gBfe4H8ysoNUxBt3QFFn54okeVzrCqaoqPWZJYR5arq8%2FBp1SRScIi4GC1B8fiWTH%2BykwJG6IaED795C0bkk76Q%2BRqYwD0VrTHwUqTP3ZTJyEtU0cI6QMI6R2GJT7V1VkLK20%2B%2BB45g%3D%3D%7Ctkp%3ABk9SR5LZkZ69Yw
83,Eachine E013 FPV Kit Great beginner Drone!,$65.99,https://www.ebay.com/itm/196260276798?itmmeta=01HQMY4DJ2J78J6SDEYRQE3698&hash=item2db2062a3e:g:OOcAAOSwci9lznPz&itmprp=enc%3AAQAIAAAA4ES6J7PAi2wgrQEPrwNUeB%2FOUoCNxB6zcOO1JjoJSt9n9BYJif6LYfAuFWeco3LrojahW8Da7HFN9Pdya%2Bj756%2BCs1dFWUGeMbbd75JMvlJnmbIMvl6lP9P5QAMghXbnmshDf2Hre4570%2BzEGUiWBl3mqnZhk%2B1GPJCJmn7gBiJ0Bfk3dMO14ndeWhxwRFxqEh3F3B1%2Bckcxi9SfIp06qXnwfvor%2FOzCFgAdIIlIXtHmTnHl1sg%2BfrGgKS3ydt8u6AvYz7FTerp7UiWFmtXi3P2sscwmn05cGjnp5uVZU32v%7Ctkp%3ABk9SR5TZkZ69Yw
84,DJI Spark Remote Controller GL100A,$53.50,https://www.ebay.com/itm/335052193340?epid=1600750819&itmmeta=01HQMY4DJ2MYJ5KWQS314F9YF8&hash=item4e02aabe3c:g:~QcAAOSwig1leUkr&itmprp=enc%3AAQAIAAAA4H9yeA32KfFirOTp8mp6kYH28DXSPvWGWkYDvZuDaDZmeVsZ9EOD%2BDtphIg6qePe%2FXd2CNsmjjVjjISBHPjaItwaReL3NV7TCBb8r7wnIScE88phO5%2FX0CcWmMt%2FEmYjv%2BMoszWWG3znLCh%2FhDjBqwbtSnpOmtJ19cj2BZt9RGftyrOOuZPWhkgg5IQh6TOolxPZX0yCyz7NbtQWnE%2F2TLTEN4cdBoh4IFdZ5tiIdI1lbIYBA2ORXCUE7sJde1DN%2FJz9fzTC8ptY7qKH2eVD%2FzGgZefIpTDrUjhQopRKkCoK%7Ctkp%3ABk9SR5TZkZ69Yw
85,Drones Quadcopter 5G 4K GPS Drone x Pro with HD Dual Camera WiFi FPV Foldable R,$19.90 to $28.15,https://www.ebay.com/itm/175842835415?itmmeta=01HQMY4DJ2RGG1NQDPEQ0QMYMT&hash=item28f10cbbd7:g:q3UAAOSwCtlkyL8D&itmprp=enc%3AAQAIAAAA4NlHhLR5zMC75R3goEe1j7lqrRGfJeOMSlZpfUxeUH%2BIFnSBZ8Ic4xgE4%2FZvPDvtCa2oeJJtm3qITNOvI7Oco1wIiwX%2FDJqN9G8mnb5gmJzesVcRndtipbpHpVttB3eU0aCQYW0xZ31t%2FoJczFK3pnt%2FeGNq6LxkD6jPLFE0p%2FXCMGox7doOC5PbKrhqEU4k49LCACKS1GVZm%2BdhyZzj%2FHVTK5BauucSNPWPLL832Bkj6Ph1kfTQkWP1qh5hpRukMdIqG5jtlQ%2B%2B4zZsg6MN%2BKY7PlFloKMdFP1%2BvIq6sDWL%7Ctkp%3ABk9SR5TZkZ69Yw
86,DJI mavic 2 Zoom PRO,$436.23,https://www.ebay.com/itm/226011514891?itmmeta=01HQMY4DJ2Y975J0E986MDVX8Z&hash=item349f56080b:g:0ZwAAOSwyV9l1HNC&itmprp=enc%3AAQAIAAAA4FI8trhQnNz2lzgJaEDZxLXNLeeVT4JxvIE211KnRUjObChOgV%2BMxgf%2B7m9TgeewZ80%2FpSQohKUEF3kJwQDdkqhKqBOo09SZccl8Azq887P7mTUasyEw0%2B8y18m1W1%2BnKT7CDtG6N2JENX5kQ7Wm4msXX6VwwWQneDxtm0qnw%2BRsWF75KTD3uu1LA7Kp1AWERk4Dyz7miI83%2FiB3q94AWnXX5vFwBlESQL7D1lLoNer9Yk1FMInaT1H5kuGQE2TojG70Hiy1cO6hsbBY0HvgoL8uXPD%2FhoyQeG%2FN5EMllc4d%7Ctkp%3ABk9SR5TZkZ69Yw
87,2023 New RC Drone With 4K HD Dual Camera WiFi FPV Foldable Quadcopter +4 Battery,$38.89,https://www.ebay.com/itm/195677488838?epid=22059942601&itmmeta=01HQMY4DJ26JRW949MA47KPJA3&hash=item2d8f4986c6:g:w~oAAOSw9mVkHj57&itmprp=enc%3AAQAIAAAAwIeW%2BPwx6dbRReVTocQxngeWn%2Bpt%2FOhxLDN9Fnh6%2Bm9QmHZVVnB0pTtVR7%2BmyjMMQYzscQdobgh9%2BlvNp1KyEUSbeLDlGonABCdjrsHhScuLHXHi2T%2BkSctRwuJvTAF9wJwgoygNgSGjxXclqQMNbjk4bYQXfkqF37tfm5pWHy3IRGCJX%2FY9SeltuwydTMtYz%2FaDeEdmlNv1lHiqy8%2F1uWPGgVkTS%2BaKvPzFRHGXOe6sOwJW2blqyCIFV%2F6jQKONyA%3D%3D%7Ctkp%3ABk9SR5TZkZ69Yw
88,Skyxon v168 PRO Drone | 8K Camera | Obstacle Avoidance System | Obstacle Avoidance,$137.81,https://www.ebay.com/itm/226013418358?itmmeta=01HQMY4DJ2A84SHTFN43A7WB9F&hash=item349f731376:g:DJAAAOSw9RVl1iWs&itmprp=enc%3AAQAIAAAAwGaEl3duaYA7R%2Bc%2BFAw5dt3fP1Ipf4H1BNo0T5HfU842WoYbU7aEMCXTP6KBsqLPeIfU3u1iZvG8rMlgSNhMpO28TRoVQqQxPEztm2NMVRTANt9av70n9hWipnJ38%2Feba3rfBaVh8LeCs6Uy6b07xL0DVD%2FgcQiqrVXbqshA9gVhR6Mqy5CA7tVIvH7H7Od7LOeNmoJa5%2BrXgi%2FspYKVHOZCS7pKmJFx0N7fro%2FMYI3BLAu0xiBe2WZIlLNjj3ElTA%3D%3D%7Ctkp%3ABk9SR5TZkZ69Yw
89,DJI Mavic Air Drone Remote Controller S01A,$64.80,https://www.ebay.com/itm/334423304260?epid=17032785349&itmmeta=01HQMY4DJ22JT5Z0VMBCF8NCF2&hash=item4ddd2ea844:g:aFwAAOSwhChlf9js&itmprp=enc%3AAQAIAAAA4AX7D3hdBdX7P8BbHqsPjBJaUUcM0q9g3XXRZjYJfvSz4vZ3c9Zz5QLsgyGYu%2BhTYvC69RngzqCUbP%2BUfHnz%2BhZo6s8jU883cHK%2Fba0mP%2BDaPT19spFCwr9JzlfeqfQuNJ5pcnybwzZ6liVk5r%2Fz2sHgJyVpsYN58Zp%2FUCwprb6%2BqUGMfxJgKoOJrErf6G7W%2BVUS6ZCHQAh0n88XmYQf4LIsmJQA%2BqW82HDobSGsoMCO79Ow91qWs8tfAWCrYJ8CH9GwTawvnzx0xmPD58He9y7OoSadbuUGoDKXhK5T1%2Fxe%7Ctkp%3ABk9SR5TZkZ69Yw
90,New S6 Max Drone Professional 8K HD Camera Obstacle Avoidance Aerial Photograph,$45.00,https://www.ebay.com/itm/404811118524?itmmeta=01HQMY4DJ23HDV48Z8B2KA7GJJ&hash=item5e409f77bc:g:kA4AAOSwqoRl1cef&itmprp=enc%3AAQAIAAAA0PUnaX92RtRXk8Wt7m0otTkxytvy8jPWv5cRvGugIrrqR4JV9VSLUGAnXvIm8py42FyHcTCP5VgusntSvr4m3uk%2BAe2qipV8NAgYcZrwc8B2pH1k3G6o7JTp%2BvBNF5%2BoQaUO3A192Th5HoTiC4C2l23jZ%2B54HTgiQ4kI%2FIFBkEG3uW29ha68FE047fYspUhmM8RGKoaoPBTuUcK56I6DumTjAgcTLsmAeGYE7NTFPEzo7IvjEW%2BePaUL5tamlRE0Gm6%2Bpa6Pck4Ya96rYBDD6ps%3D%7Ctkp%3ABFBMlNmRnr1j
91,Tesla M8 Pro 8K Drone Professional 4K HD Aerial Photography Quadcopter RC,$45.00,https://www.ebay.com/itm/404814012912?itmmeta=01HQMY4DJ25BKENWVT1FCTB30T&hash=item5e40cba1f0:g:bZkAAOSwI4Nl13LI&itmprp=enc%3AAQAIAAAA0Mxc2avTto4hbBa0Z6Jyhx868RyewxUZBlQVJQfcZYcLuhhD1ttNk6vkVDAFIQFyd7U%2Fji5CQvRRAylIwdbwu01tJlhkr1MxH1VZ9Z0LN7IAvJSOFkdxiqyYjs9TxZZPVHck933QDDJRh9BxnEzRlTAFfBLCoeD4npMc8LcGzEbNZJ6ZxDOQ2Uj%2FRg4H7cdFeap%2FCcizPOXWgl4lLoRXdQnb1GQ3FsYn8k98in3bpFWQ7TxRyeOnOLgxvMcdCXEme%2FsGTgUs9Bh7DFTveh0zaT8%3D%7Ctkp%3ABFBMlNmRnr1j
92,Professional 4K HD GPS Quadcopter Dual Camera Folding RC Drone Wifi Rechargeable,$24.84,https://www.ebay.com/itm/335004190791?itmmeta=01HQMY4DJ2JM8YNV4BHHBQVZCM&hash=item4dffce4847:g:98kAAOSw7kpjz4wG&itmprp=enc%3AAQAIAAAA4A6nz5W9arR7CDDrrJA6s6f3FuolQdZjDWLhihl9hXd6n%2BSGtUXSEEU1WttpTaapEs9qqD0TAIE%2FsPJ3BkmIQJyTRaUur4d80ricJ5MYzVj41AK5ZPyc3zhrNtksPqJDN%2F0prL%2FDhNPLjamqFyesiYezXXqVzb%2BXjNPPYBVaOubnbfdQDSgW3Xl1caLSnjD7f2ztJ%2BVoUFdQ5uuNhOx5kxm7CXLJdr8DsuIhvpiqu%2FS%2FayKUah9eJo1EDNsQhSvLmGiPP1TkSoN%2FevY8R7ffS%2Fj2CZXBtejnaxFpNes5zCr4%7Ctkp%3ABFBMlNmRnr1j
93,MIJIA P11S Drone 8K GPS Professional HD Aerial Photography Dual-Camera Omnidirec,$79.27,https://www.ebay.com/itm/386771489770?itmmeta=01HQMY4DJ28XWR4RDNAKEDPFHN&hash=item5a0d6093ea:g:UYsAAOSwtJNly1NZ&itmprp=enc%3AAQAIAAAA4Mt0sImT%2FjIkzbI7f2BDaae3%2Bu7h3aqdRygmPS9HbrpFyVUpGoJe8r8nVrwgrA4KV52W6l47mqo--DSc4BGAXMv2E6SIJ5%2BtEeVmfmnExGcj%2B0ovXpllpCbiqSxGaymoLdhWr4SOC6M4di%2BHkMlytkD7R2EDtu2eYaSr%2FIPcbvnzWXroGrvqlyA7pQ3Nc2gs7UmkU3oKr4apx5VZBj2fixqk%2F8wuKzzJtZimE0ZTBOvmFC4TMvkyubFZ9XCP3sGmhHlhP%2Fh6o3%2Fek%2FukxMHXAwdERvUITxMvKcnY5LskEGYJ%7Ctkp%3ABFBMlNmRnr1j
94,Pocket Drone HD Camera Corvus Beginners Brand New Authentic Boxed NO RESERVE!,$19.03,https://www.ebay.com/itm/145630288901?itmmeta=01HQMY4DJ23BPQZ4F481Y9JY1E&hash=item21e83ddc05:g:p7cAAOSw6VJlZfeR&itmprp=enc%3AAQAIAAAA4LHoDZtiBI9llbo2PbjngAC57hpBE0NOQA%2B393hxIMsCVeb4RtZoDO%2FBme75%2BiPhg%2Fx3oVA01Ilkt874Zzh4YPTErAAfw1C2PYxXzHJKsSZbvhWpUzmMbmlv2H5UxUsmtqxDIsUPEnRehSUMFhUaXyqH%2FbPljxj1ivuskbdcKVUwYz0wQ%2F0mIE6WOvT3rk6EsacdBjWlv14DS66DQRY2d6ydIbSGLJIf9g3kBluVPg5rkdEo6AvKvH3glVLJ%2BY9%2BB4P5PjBh0B8vWSNbbScRkVNBRSXaXkKD5a12az5SXDEa%7Ctkp%3ABk9SR5TZkZ69Yw
95,DJI Inspire 2 Drone,"$1,381.34",https://www.ebay.com/itm/255656175190?itmmeta=01HQMY4DJ276TCSFBQRQ6HPN7Q&hash=item3b864ba656:g:TGYAAOSwQuRi57py&itmprp=enc%3AAQAIAAAA4KYa7o%2FS1ouLwAP1N%2FjXDMLzxv3e1YKwlleFYRsB820KIp947B49RhgTlysdrQeWOnBtzPiAFybmsY%2FY93Om1Z98x%2F0npu%2FbGeEx3ahtLogCS%2Fn8nMo8PGtuwTGaBUR03b8KO0kOfkrSiDDSP1%2BweDSNKq7P9Im6eq5EHXwJJjsLCZN%2Bx0iCY5NAkyBrKV1rg5af%2B56ai1AWZI%2BKNS0UmZqqSPvYeWVFEF6jevEeJITqE9d5lY6HkEJagURuCb3Ndocv1EVcbzxpQ4a20vEXEo6ZLLZNba%2FMsUc%2FEhxTVFMV%7Ctkp%3ABk9SR5bZkZ69Yw
96,Mini Drone with Camera HD 1080P Foldable Quadcopter with 3 Batteries - black,$12.95,https://www.ebay.com/itm/335119907624?itmmeta=01HQMY4DJ2C1NYJARGAXW42P2B&hash=item4e06b3fb28:g:~E0AAOSwt4hlZo-8&itmprp=enc%3AAQAIAAAA4HmcPnbodnBmqJUqJer7OyAm7PGgTDei4uIauKym1XPYCHFh5Vcs%2FPEz0GUnn0mKk3OMincA8DZySHl6FHIjpmqMAftDaz%2BvEhdagK1xzmNuPCaVDG2Xu4tXhaSFG54cJrRVETgcj6%2FppRI6H5hksll%2Ft7nsxNiomWMFtfW6nXdw64yTz6mYRuz5dAIqold4WAyZH7LPI9wASzxrJNz7jXX6ilSy0%2FQkPaT%2Bo7hQDcRhYBk2D%2B2x6yfUl%2FHKSH5fu41LBDRLBokaViU26uS%2FuWFvFW90KYZf9AN1VZnO4O5a%7Ctkp%3ABk9SR5bZkZ69Yw
97,NEW LISTINGHoly Stone HS440 Foldable FPV Drone with 1080P WiFi Camera for Adult Beginner...,$65.99,https://www.ebay.com/itm/166618307797?itmmeta=01HQMY4DJ2Y5WM91B1A7E2EHS9&hash=item26cb399cd5:g:gV8AAOSweGFl3aiI&itmprp=enc%3AAQAIAAAAwFj06Qwotr0K1yC0qkKkhjrXN5%2F8z3f6253ZsySsKTWsfM87rQfz6ciOGzdaA%2FzjoisxT7qTkykbhK%2FvPpnksu9nWAvmxbdwGGUZIlvB5oGzXJfSfD%2F2s3jSDzZ%2F5w6dBJ3RALGmsM6N9fsTa34c6dieJr55vEuyofPtjCHoIgwgbiTeI9E7U%2FECTFDct4lorpuUBGqU7tfj1UiY64ZRYsT7TlE5Z4pDXNB8CaYhjtHY4t1r7O4VVtHvMJdKFxzt5Q%3D%3D%7Ctkp%3ABk9SR5bZkZ69Yw
98,DJI Inspire 1/V2.0 Pro Zenmuse X3/X5 Gimbal Camera Vibration Absorbing Board,$136.00,https://www.ebay.com/itm/334523522817?epid=1642360033&itmmeta=01HQMY4DJ2C6KFW6Y4X00KJ17B&hash=item4de327df01:g:Q2oAAOSw~jhkrhnp&itmprp=enc%3AAQAIAAAA4K5puii3aWMYu6V8YD%2FUZCDW1iW2BfhQPdV5sgY2TC68Fp2ie90GiwbxpbNkZ8j%2F9E1vHleCLE2GFwcwfDr33HCgIBNmfH2cBNs2uqWjRu8YKGpTxeaKpjhJCFPCiEvN1iKfmWPUVeyM4wbStTZypuuVdkiUZppOGXeghQWxCrkmcYvdnkuKjsfRhkFMqOusA2XMACXm7zw6Q3epWhIcjYYpPqypKvCUPwkeQ0pEjTUzf2rH%2Fya3cAE%2Bkp6W7ehul%2Fcrq2pnKVJn5V3vDeJlGoE3scXktJwNyHXkcbTNJym1%7Ctkp%3ABk9SR5bZkZ69Yw
99,DJI Mavic Pro Combo Drone 4K Stabilized Camera Active Track Avoidance GPS,$599.00,https://www.ebay.com/itm/145050404567?epid=10033160352&itmmeta=01HQMY4DJ2KT8SQM1EPWW0ESTV&hash=item21c5ad86d7:g:pNEAAOSwe5tlBCWZ&itmprp=enc%3AAQAIAAAAwEANgTtCo4O5EN%2BMRac1aBtFSKBWIueuHY%2FM2V7DSsS6XR03wZhL4KldClv6q1LGuwBSeqxECcL5KMjAHGLg4m4J4e5xFnB%2BexqtXJdICKlE31IWj%2BK%2BoebT%2Fln9SMgwLfLtqFigmioYBakbb58HAv0bVlzoBsRciP50MKAmOdT8GlxnbWDePWuxh52p4bgtwIDzXuWjbx1QJvfYD0n3JSDbujCtLM57ipx7WPlwogDu%2FZEcA2Nf%2F9BlZm1u4qGQKA%3D%3D%7Ctkp%3ABk9SR5bZkZ69Yw
100,For Xiaomi V168 Drone 8K 5G GPS Professional HD Aerial Photography Dual-Camera O,$152.57,https://www.ebay.com/itm/386803481093?itmmeta=01HQMY4DJ21YNYCZRJ8C38DWR2&hash=item5a0f48ba05:g:BpAAAOSwjQVl1zom&itmprp=enc%3AAQAIAAAA4D9PeKIDSWQ6mbov2hVHmKIxHW3%2BK--9rtxSeUAFdokDpnuh5UOI4bAbrQDOxGeT3oMtXeQjw2znKj2iQ30GmHWKilI4RqTY%2BYNdkcVZVo84c7ada1TzYYhEthIKvKmxpQ6F0kfHsde63A%2Fk63VyKpLe%2B7lRtqm%2FW%2BHNcHFOjlQJB81vdkT6UtsW9RbTbd4v4JS9vAzKIbyI5gny7QehkcgoozUI9kWzuAeXU017Qq991uG8pX%2BiVZznSaBWeWLWDEbHmmnX8tJSg3LVpvuhwWTQQBbmZBBPIoIPlF1xapP1%7Ctkp%3ABFBMltmRnr1j
101,2023 Drone 8k 5g GPS 4k Professional HD,$53.62,https://www.ebay.com/itm/364550750189?itmmeta=01HQMY4DJ2Z74MWFBMHY8B473C&hash=item54e0eaffed:g:FbgAAOSwWyNlPJZm&itmprp=enc%3AAQAIAAAA4PFnXfCqhnU%2FHAV7RRTcjVAWY37uV5tlGKNOjZ2eWa3mMGfW2px4PteCZurimgnYdaDnwrZvavS0kT%2BAVv6%2Fo2BwMLhUzvmEZROkfhyAema8c9TxYq3XSQ0EeDc1eaNJOOGqMb5ExoyH9TykZ6NEeY%2Fm8iISPEWbu3TkDIDAVsjRr56jeg9aXGpCDbt%2F8l%2B9VGL3%2FFeYBwwD4sSb7KQFjtor4jHfxuhT7EcCMNa4%2FD--DbL0M%2F9k7Pv3dYjZNj8UMjD73gGp2Zs5fQuXXUWMjpwUbmca0HSc4G9XZ8T3DrDC%7Ctkp%3ABFBMltmRnr1j
102,DJI Motion Controller for DJI FPV & Avata Drone,$46.00,https://www.ebay.com/itm/334806896938?epid=7044720570&itmmeta=01HQMY4DJ2625KHZW8KQZR0P48&hash=item4df40bd12a:g:5KcAAOSwXD1lmTUd&itmprp=enc%3AAQAIAAAA4L9ZFIPlPbU1hZfwPyD8uqpkU3QbA%2F1g9%2BtCZiAOHhc3wx7HqcjNRWkwbLkeHQoHC5nlPjZBgvDPTiJUz%2BKppnLmYS%2FJkV%2BtuFv%2FPQ3xnswnIVUevaRWZbJ8FqW2THUatQpHtSMnzrkDR4%2FyEZWBofnv6dOa1m3rckFR4iYiZ5KApaOreAmZsNa7WeGbzatvmrTAxf9F0kLCUr0KDsyxQg0lfRDxHVu0CbimaROVAFBDd0zS6j%2F91hkk8ZVFufJxRF8vawOsvGtDADZGHfGF93Q6sjZChYRuft3SXlWIN%2Bpk%7Ctkp%3ABk9SR5bZkZ69Yw
103,HOVERAir X1 Self-Flying Camera Pocket-Sized Drone HDR Video Capture Follow-Me,$349.00,https://www.ebay.com/itm/126197683818?itmmeta=01HQMY4DJ2Z8A8D5N7R19NEDN2&hash=item1d61f7d66a:g:T9UAAOSweV9lXHQs&itmprp=enc%3AAQAIAAAA4KSepCAO6fBOnkMYKg4KINY%2FLVAIZKxWoQNleHOd%2FkLG7qKJAwCGGhCO7WX7EYGtpN8SYPUKX1EA2K4%2Bp7Lrf%2FpRtGoBvKtdnLE7LYwAWEhwKMgz3jKRecV5C2BV8ph87WCK5JjRk28DPids62glHT7xSh09BskSNRP3wJmu3yOSkCOGszTb7RqX4Y%2FNWfOgyeTUjBRCGAUOIT7hy1AKlINHNmktvtECS5VrtnTalJlZrr48uZ8j%2FftoB0JZ5%2FspYJakdv8Jx8fWhDhhlVijwAzH25NgnWEm0LXxbaqFOTeb%7Ctkp%3ABk9SR5bZkZ69Yw
104,YUNEEC Typhoon H H480 Drone Quadcopter with CGO3 Gimbal 4K-Resolution HD Camera,"$1,099.00",https://www.ebay.com/itm/354771620323?epid=2135581057&itmmeta=01HQMY4DJ2WRFNX9A9YC5XAJ9Q&hash=item529a0951e3:g:LNYAAOSwld9dHvEO&itmprp=enc%3AAQAIAAAA4DscDTm29J6xeMs%2BMeIlV3q3vQEqTCBl4hlBP9n6djap4aoa5MtxAniSW6CqKZKzaaTRT31MvYJAlKCXYDwsgiCjHR2UN0vSv3RteEJMgYIVOCs7jH1JCPO7TV3AcSK3MNi5zaBw7EiIX9zPDSj8gfbI%2FhDHAJPio6Yt4pD%2FxfB8aRGuPXXOOC5SdSY7ZxQSaNUnYkvWCZmxkyfjFxOO3APBPsXS7iJqQW%2FanaqSCtsL99Vml6LWjGj4B%2Bt1i%2Fy%2FDutCUDmhxDXB%2B0vGmok4E91Vaq0Ky4UU%2BkgHqSbHoDwo%7Ctkp%3ABk9SR5bZkZ69Yw
105,SIMREX X300C Mini Drone with Camera 720P HD FPV RC Quadcopter Foldable,$39.99,https://www.ebay.com/itm/225971732128?itmmeta=01HQMY4DJ211F8AZ5V8N30RSGT&hash=item349cf6fea0:g:IlYAAOSwKpBlr5tU&itmprp=enc%3AAQAIAAAAwLqpD5A23nd8EGHU8dgiBULW%2Fv7FiOHt3%2FbCg4cihs0sRjpCae70G7W55Hch0p6pKKO6oYN9CHP22jjkhD%2FfyXfMISsBk%2BLIrCvCLBks01UWkmNGl86h%2FPKI9md8Yk1JCloC2lbQU8AK4WSTlVuTBA%2FL7DKj85NNvYGqzpedeH3s9a7mI%2F5Zfu1iw61VSPa2YIUxq6DH8WvmUmdwXRby2pSnCTWkwHbEPOdBzKq9Zk8%2BO6Q6Kw1NGL0d8pc78PoloA%3D%3D%7Ctkp%3ABk9SR5bZkZ69Yw
106,FIMI X8 Mini V2 9KM Remote 4K drone 3-Axis Camera Quadcopter GPS FVP Drone 250g,$399.00,https://www.ebay.com/itm/404186570518?itmmeta=01HQMY4DJ2ED5KZ87KT2CC280H&hash=item5e1b659f16:g:ADMAAOSw8G5kU5qV&itmprp=enc%3AAQAIAAAAwMR1Mey8mI%2F3JQCTEIvUFdKzk40UF%2BwaxF4XGkiFsbLaxx03a229AnXxDNuZ2%2F6nMAdq%2F9Kiael21PF06wRxcElL41%2Bnf9EWGMIk8pq2%2BqvkmZKD5xwMjuA2zWJDc56ucO8YiMc4%2FpSTqhEK0o3eB8UNEUPZFyjFnyXUhr3VvzozLFWXwbqcvt675IDnvFQpAwClsXpWjzEmXeoLZ9UeZmUJzVjKilePEOTQnJom%2F3rVtlKWWxmy9hOFgZOIAtFIxw%3D%3D%7Ctkp%3ABk9SR5bZkZ69Yw
107,AirSelfie AIR NEO Selfie Pocket Drone | MaxStrataÂ®,$99.99,https://www.ebay.com/itm/115714620893?epid=20054887680&itmmeta=01HQMY4DJ21EXGAW3GX89RT0TB&hash=item1af120fddd:g:IBcAAOSwf3Jktgoy&itmprp=enc%3AAQAIAAAAwNKmM4DZbbkW%2BbR%2F1usBlcnxtOLIt5TbiZZfOsAWtIVSLXUp4XS7o3iOc%2BOhMpNjv9Rg8QPXNlwMD7Hxu6KsA8Uuk23EdbK0PrW4vWvp4qHLm083feraNTCa0PpG2J8PjGk1%2BFcTHzMcoMb56X3XQYgmzA9KeMyGKe38SjyeYFYPBSPS7fdbNS3rkRDZJNRgyslKT%2BSGjYY4%2FPNg1vFQuVHkZHHWVErPD5KkF8UhWdCrNhQ6JUGTsoNcStQrDBV2CA%3D%3D%7Ctkp%3ABk9SR5bZkZ69Yw
108,DJI MINI 3 PRO (DRONE + BATTERY) W/ ACTIVE DJI REFRESH CARE *FACTORY SEALED*,$443.93,https://www.ebay.com/itm/386809557783?epid=11056206733&itmmeta=01HQMY4DJ2P6X0145HPFJGTG5D&hash=item5a0fa57317:g:PV0AAOSwawZlzm87&itmprp=enc%3AAQAIAAAAwN2A1cTIlLgEIE%2F9d68W7AkuRdG%2BGfmv49WuqiLpkZ26gxDQ92TiJH4ITzbp1MxZ%2B1TBxyU2sEfYVAfQLDVcxgctJ4OgC0M4bpyoZVSp05O5eNxhC4VCd5bMdlP1xfxfGF%2BcAxGYhmmafAa9rPLUnSBzUr4JPybdGifd1fZPId7HyRdvZMEAPNnRJON1k4FgINeonAk2SgXn3QfXTstJPz3KxRfBrBsp4LtrMWnH8KoIfviV2HDunT%2Fj2GrOUJbn3g%3D%3D%7Ctkp%3ABk9SR5bZkZ69Yw
109,Black HOVERAir X1 Combo Self-Flying Camera Pocket-Sized Drone 120g Palm Takeoff,$408.00,https://www.ebay.com/itm/404646947495?itmmeta=01HQMY4DJ2F0AQQX3BANGBD7E7&hash=item5e36d66aa7:g:FVgAAOSwZBtlZHo1&itmprp=enc%3AAQAIAAAA4O5TjnalBTfEBti20TAjta0m8BxVbbUrsWoFYud5m7RQEB3rKa0fXt8q2J1IzBh5VEb%2BsJHEcggOzEzeV54V52PFmRDvUCKxzN0l7%2FZdHGOITpwS4t4VDJz7BLEwXf1sO8uxJNlipzrM2Qpgx7%2FsqMB1wmDVq1%2Fl3t%2BoyyVo6avPCQTm%2Fl5%2BFM0hNahm0i5--GrQ45pHbmbAW2BrFbekx5%2FazOqkDmP98fsS1aQfpQTg%2BM1nMndmQ3Y5YeQ4poqTSJxuuQkT6JMaSZUNYvlYSDAYw5SM8kCYar9%2BbnCebrkE%7Ctkp%3ABk9SR5jZkZ69Yw
110,KP4 DJI Drone Payload Pick-Up Device System RC Intelligent Airdrop for DJI Drone,$49.88,https://www.ebay.com/itm/145568462136?itmmeta=01HQMY4DJ25D1NQGFFTBQD4DTS&hash=item21e48e7538:g:-pAAAOSw3A9lriKi&itmprp=enc%3AAQAIAAAAwFzjDPfbgZQ0TUZTmYUFTO5SZETXxK7jqT6A5oh3DZyIbHPhkJKO%2FXR8xjv%2ByqrTDI8glLWW%2FnzEVpxX2QOogsNW3wO2S2U2h2ogU4uchUJzk%2FcHXmHVdrKoCzxl8N7%2FnqQRAey4ytGm29nNkxSddgZ5HSahKiO0QX0u9mzYrOF1N36XAzjGhF7ITGU8LQ5U6XkLkyoTXL6T3VLG6DXsmNBzasgkTNb85K3HM9V6fXMkl%2FQySxi9YyntoDU0WDFQzA%3D%3D%7Ctkp%3ABk9SR5jZkZ69Yw
111,2024 New RC Drone With 4K HD Camera WiFi FPV Foldable Quadcopter + 3 Batteries,$36.99,https://www.ebay.com/itm/126295564220?itmmeta=01HQMY4DJ3TR8W7C7TTAHM6H10&hash=item1d67cd5fbc:g:UNsAAOSwgRFlr1--&itmprp=enc%3AAQAIAAAA4M3lNzrrzzQ4mERqqvGrolz--m18SmNtsIhUlAgppoMTlqiigR4FggdyiDMpQIvLjuj%2BCO620nwizRDVRmPiNbZSkHoDljM8d5fcJlm7Dr9%2F6%2FKNVFxd97kGbRjSY6SHJqDFdEfVHI0aXzG%2FrKB2r7hIeYn1sjzum4H6Q%2FHCd0cBxrSBGh7fZcsV2baZOtk0x0J1%2BbbxnVRcqfv3sHTPvFWergbQF9s1S7HvYtHQ6dF5f21uPj1kqTEISI5fwQLQNeSQiNorqWk4DSmSLdf3lmoKQp4cw8RluYHoTqwJa8ut%7Ctkp%3ABk9SR5jZkZ69Yw
112,E88 Drone 4K HD WIFI FPV Helicopter 1080P Camera Height Holding RC Foldable Dron,$20.62 to $23.48,https://www.ebay.com/itm/355222690753?itmmeta=01HQMY4DJ39YE8MSP9MVMB0ZC6&hash=item52b4ec1bc1:g:PoEAAOSwkxJlXzCd&itmprp=enc%3AAQAIAAAA4A9%2BDH95lCIug9rFOOfsNrYr%2BE6V0rKdeOg6a%2Fb6equIPQEQdGmqsfeOrEXg4jrSEmd9CLY%2BQFVRMBYHzp%2BcFG8VYYamib%2B--BUDWVLXTofLq%2Flm6DFnWqK91n%2FmLoTrwe88zeAAfUO%2Fk66cUsqF0UQ4vUMYA7tf4BF2BXixaypI4Zgqda4FffBvFU2IDO%2FGLHsideficxXTElupdDgX%2F6dE%2BYUrSeczKdKE03ARgYTleoyBg7BD5vJAPAQ7Z0uMAIlDRIMtJERp6INvidrK9IquejszTc1t57mzm%2Fqhduvr%7Ctkp%3ABk9SR5jZkZ69Yw
113,SIMREX X700 Mini Drone With Camera 4-Axis RC Quadcopter Easy for Beginner,$49.99,https://www.ebay.com/itm/225864943403?itmmeta=01HQMY4DJ3CDGGT7ME7AAZ7Q48&hash=item349699872b:g:fgQAAOSwWGVlYCd6&itmprp=enc%3AAQAIAAAA4CwELO3qhSXX0qRPkbbXgRBEvAKBrKilMftmSpQwSt2%2Fwsablhein9zooA7s8k2RbRDETdW%2BR2xywi%2FdXwdPhV1PfMMitT26V5QnhKtNRcK5jOH01qBac1sMSfEFjG6%2B%2FfbbmrzwuLLYyO84nZMOo%2B4RR%2BpRNPXQsK5PceCKwDq5d4z9NB44FCMJfqTHWPeFzK%2BPvAElQ4o504lZeZ7f6EerUR7xKQXVzAsj8SGPK%2BObojk4yjrcfZQHaQ866B1SRxI0TsUPm2JTD4GV1dd2SDhaEiPMXCnacTQxOkV%2FRkbY%7Ctkp%3ABk9SR5jZkZ69Yw
114,(2 Battery) Mini Drone Helicopter Mini Drone White Outdoor Stable,$27.94,https://www.ebay.com/itm/145517568954?itmmeta=01HQMY4DJ3YKF2DAKJ8286Q5PK&hash=item21e185e3ba:g:6uEAAOSwCpJliPdm&itmprp=enc%3AAQAIAAAAwILllp3RWq60OVA17MaV%2Bj34uuvuYzv5hXzzjA9%2FJxs36Ft%2F4zcmf9iNDExqReULb2trf%2FkpCC40xLUpF3FsufS9Z4H2Mxs68X4BL%2FyueYy1b1%2Fdn3cBtySsMYJsHsvr5qerlpIoadill3P4kK4IaILcAIxgt1T5ljerUl53ry2CMKXct%2FU%2BIENX6Qhw7yQ5Wfu3Ew6lKz0Id8agD9dvbabSH0hzFqnpSiZchKjmDDiyc95%2FMvs1NXpTvALaZnhjfA%3D%3D%7Ctkp%3ABk9SR5jZkZ69Yw
115,New S2S Drone 8K HD Dual Camera Brushless Motor Obstacle Avoidance Dron RC Helic,$65.00,https://www.ebay.com/itm/404816550584?itmmeta=01HQMY4DJ3EFTKQA7JJKAPB99Y&hash=item5e40f25ab8:g:HoYAAOSwtxll2Oxt&itmprp=enc%3AAQAIAAAAwK6xOIj9CDOOQIVp2TVr%2FwdVPz%2FXOkLTbnfmNzCUm9gQdKGqYGCoOCcQVLu%2Fr1kxkE7At2O9TiqCRDywl7exp263Yd3wYfIyJYBTmA3NMd4XbhKhJ4TY7sYsvm%2BWh0ahkhkVrCRFYCxtCF%2BvcbWPYNZR%2Fz4m56MblLT0CozA4MA4ME%2B1D2qQDuxipByOhcS0ayDIHx3ZHI2tgcERVvpU0COLYOPZh7Uoxq0wzRlcnBH8d9oTG0bHwqT9AREi8%2FsgFA%3D%3D%7Ctkp%3ABk9SR5jZkZ69Yw
116,HOVERAir X1 Self-Flying Camera Pocket-Sized Drone HDR Video Capture Follow-Me,$49.00 to $459.00,https://www.ebay.com/itm/355287642753?itmmeta=01HQMY4DJ32480DMP8D7BDPZHS&hash=item52b8cb3281:g:9sQAAOSwUVJlen3e&itmprp=enc%3AAQAIAAAAwNWb1G%2F3k4gTiQvQqidMU2F0OjIqP2SyCpVKya%2FX7dOk1ZOBEx5zvJ6PhrUGuEEH%2BtW650X4P43cc%2BdBYGClMwBrxxbVsKB%2BSd%2BD1lAbQFAPYRkT9%2FKKriQPKOkV2ECTZeSikoSPWBToc1R8w1%2FKiwt6ZyDY8V%2BI8t8dZWLxX8C2ZdqubX%2F3ZvuLmJo%2F1CLo7QR3FXGzJ5Ns9kVoCbA1of%2Fxs4mtuaZhxr%2BXSccch16zjy9gM%2BOKfMguT8UuVM5X2g%3D%3D%7Ctkp%3ABk9SR5jZkZ69Yw
117,AirSelfie AIR NEO Selfie Pocket Drone + Powerbank Sleeve Bundle | MaxStrataÂ®,$149.99,https://www.ebay.com/itm/115719901939?epid=4054856016&itmmeta=01HQMY4DJ39KGHE83T7YSPVHAW&hash=item1af17192f3:g:6GAAAOSwnTBktgoz&itmprp=enc%3AAQAIAAAA4NZEZF8JRiPJX9P%2F0H6hgJIHLQm3HCIl6AACJsZq7K3M2Op5y%2F3eKAnnQ%2B5T1o6FGHFuT%2Fu5w0P0YcKKoloQK7RGsILGinbYehKewjgghEeB6Lc9ecDOH%2Fv11JCCFfK8Qv3b6kJ%2Fjts8m4BpBGvXNmkP9MQrnbBJba1nhKU6IvrsrCLUR2qsszu5uVU9orthgjsfP0vmY8IMynr97gfP30Q1a3QPZsrrOn5mhs15rcOIkLtGSH2YkO4IsQ77dhxDhGCuFuWm06zDw%2B541fSqimh0%2BfyjrvDoEEASHbpR%2FlEo%7Ctkp%3ABk9SR5jZkZ69Yw
118,Parrot Disco FPV Drone PF750001 Set with Skycontroller and FPV Glasses,$109.60,https://www.ebay.com/itm/166614072951?epid=16026970781&itmmeta=01HQMY4DJ3KGZPFRXZ4CKRH38A&hash=item26caf8fe77:g:5ToAAOSwOnZl2dU2&itmprp=enc%3AAQAIAAAA4OKhqZhZy%2FuURswPIHfBwZCqgmsnI899NMd26t1%2F5xxMbt6XcL6CzDvDFNBwJ7vKQnxTWEasb1V5FAove%2FnPprRh4IApbTZdZ7NZkstnl21wChkLzmZEzkZbQEnyPXW1oXCShi9YeeIEWi51c3ZWoAPtng%2F2wvHG1YOOk81fticzdl8ndIlI6wHdqMdOJV0Em9iy1%2BITyYOorPrRKN1PR17%2B6TSjwFmVzb%2FW9clo27Vglv0hS%2FUrbSIMfD3PRA33wKkTxatDtH0wfcTrca44thb5q%2Fw8O%2F0suqVd7L1iAIZx%7Ctkp%3ABk9SR5jZkZ69Yw
119,large fishing drones with gps,$600.00,https://www.ebay.com/itm/394975723577?itmmeta=01HQMY4DJ3PN8SNR5ADN4W5T4T&hash=item5bf6634039:g:5D4AAOSwK2xlRFUu&itmprp=enc%3AAQAIAAAAwH%2BLzQLMNo2vID3EqyxENkuYb26eOcYjnUV%2FIFAV0bjczwQbGqHrKQKgdzfTYLJ%2FZuX5h8vtsNqsbS782km96Aoj2%2F51buLZACxbgNljxLmQKstmkFUtkR%2B8N%2BdvUcq1pgExscdM6a%2FykY16Y9oeGfryCwsprMpoFjFR5DF7Nv231KFUhiScHQpfhhsIDyhSsDjpRn3Ra9l1rk87ApOoLEmbeDCdEcx52yXbzk9R1Z01vrdYaU8u%2FSdXPMaVlkCdNQ%3D%3D%7Ctkp%3ABk9SR5jZkZ69Yw
120,KOHR G6 Drone Professional 5G 8K HD Camera Aerial Photography GPS RC Aircraft,$72.08,https://www.ebay.com/itm/285597964640?itmmeta=01HQMY4DJ3WC9KG91QQ52ZWGFM&hash=item427ef71960:g:K0sAAOSwj9FlTHZ-&itmprp=enc%3AAQAIAAAA4E3hkVEB9VdUU6zLXThHaWbefqXEnEQAGA8XrjX4Zz2lE2ZWeT62lhg%2FuiTRNoM76rsOMI2xOa81fZUYKKxM5xWwYILUJhUdHmpYgXKJI0j2ihOLF3zwByeuV0m0L%2Bnp9cburwHmRYDj6iDaQWGl5UsGjhikAD2vmJe9%2BHDtoTEaJnSIB25A4LlsS7t9FXzXHD3KQZzhck3TYXsjLHwq3DqUqTfLrXVnzQGhUKUsL83XJsYaKIhpEuJYDOHx5A1LCHPqy4JHFub1GV9af9lgX8qj7nE5POg2M%2FZtlMFtjRop%7Ctkp%3ABFBMmNmRnr1j
121,AE3 Pro Max RC Drone with Camera GPS 3-Axis Gimbal WIFI FPV Quadcopter Brushless,$219.00 to $229.00,https://www.ebay.com/itm/256283354642?itmmeta=01HQMY4DJ3KSPK4A3ZJXCJYR2T&hash=item3babada612:g:mZkAAOSwZTVlSFsf&itmprp=enc%3AAQAIAAAA4NV1Tibns9Ufdp75XQHJwv%2Fc1APdAwjYKnLNT%2Fzkj1i6Y3YTlt3MJY6nbCwJW0ZgizVvi4xgy1Ucw7tvR6CUjZ1i3y4md%2BsgQKv0oo232zy4eN1jxrCENo5DJ%2F5uFp0k3bSuI5hsm8Zt1K7vpUF%2BS6Faf%2FLd9trKREXYvXbJvWnlEkXe345g4syuvAxgIQG7zj66wfp2vuxbSD3oVzZo%2BnXcMSb%2F5tZR2RU8clib%2Bim7wScW4jc0T%2FqGjMR0pY41oCCimxxmlJ7wlFNSOGaxJONj2gHN3xgIr4nEFAuZTenn%7Ctkp%3ABFBMmNmRnr1j
122,,,https://ebay.com/itm/123456?hash=item28caef0a3a:g:E3kAAOSwlGJiMikD&amdata=enc%3AAQAHAAAAsJoWXGf0hxNZspTmhb8%2FTJCCurAWCHuXJ2Xi3S9cwXL6BX04zSEiVaDMCvsUbApftgXEAHGJU1ZGugZO%2FnW1U7Gb6vgoL%2BmXlqCbLkwoZfF3AUAK8YvJ5B4%2BnhFA7ID4dxpYs4jjExEnN5SR2g1mQe7QtLkmGt%2FZ%2FbH2W62cXPuKbf550ExbnBPO2QJyZTXYCuw5KVkMdFMDuoB4p3FwJKcSPzez5kyQyVjyiIq6PB2q%7Ctkp%3ABlBMULq7kqyXYA
123,New P15 Mini Drone 4k Professional 8K HD Camera Obstacle Avoidance Aerial Photog,$77.82,https://www.ebay.com/itm/285566192827?itmmeta=01HQMY4QM3HTX1WAV4R8P7D3N6&hash=item427d124cbb:g:IrgAAOSwjVllWarn&itmprp=enc%3AAQAIAAAA4CAz0wdN3yJoEeK%2FvYMyrysGc%2B1O2NxI0g1VQj6Vsh7YSBv%2BBgMNWFcl8a2e7O%2B57X5wBmss7zKdh0EhtnxSdevNqYg7Ukslrki8dk6mM%2FbN9CsZOMpB%2Bzu8f96fIs4oYLzd6O%2Fwn533dxrkQjpGIJmcvPdloY69cwsCSHu0t8F3cNj8YK9hXi3vMBrn0FbG6vw3uevSy9D4RVVHZdV8l2ildpyYe0ZrLACXoMas%2FquOrs7iNJN9D2Mg5T%2BlfaGiekziBJ9gHDpNFOPKtk3QX0YXsZamI17PpmvKtfuXExJO%7Ctkp%3ABFBMkvqSnr1j
124,Xiaomi MIJIA P11S Drone 8K GPS Professional HD Aerial Photography Dual-Camera Om,$87.12,https://www.ebay.com/itm/285595815205?itmmeta=01HQMY4QM3PT0RYJP1SYDR2XNW&hash=item427ed64d25:g:vGMAAOSwPyhlcWpc&itmprp=enc%3AAQAIAAAA4D0ukLlUaHXrXbWyctPgEKvOeAmGexnSUrEFNP%2Fp8zgwQVE5qzUJWBecMs49lfc%2BgD%2FpETMTpyXpUh%2Fd%2B9wvPLH0Y57u%2BI2rUZ11jEDt6X12NlMrsgBqLhnAB8SgeELZwMZEzOO6EUYByAwnPYtWXuOewS6gg0GZNFVYkwytmp0PYj097FlcZkA705MeYPXQ0kXBNWdKTKLL7fedA4Moopina8yrQRDdMns75gpm1ggOcruFTcJQf8wOCizMPL6svi7XkThJCamr4QBR2y6KT7K%2FRXjSlFfHgo%2Fa5oM9vzv%2F%7Ctkp%3ABFBMkvqSnr1j
125,Drone camera 4k hd,$47.00,https://www.ebay.com/itm/186205165019?epid=22058841067&itmmeta=01HQMY4QM3DYT4CKGQ0XRQJR4B&hash=item2b5ab155db:g:7UUAAOSwAKdlUJIY&itmprp=enc%3AAQAIAAAA4KXq0Y2ps5vENsSE4OfnVYPNvdoaNoRbs8F%2BqhJROjEqRmGf2tyiuW52Q8RAlg8NMa4d6Pz2pJ9DWX9HG6srK5mp%2FWyeWvlCYeVpEN3irgFLFXNiJ%2FUoRZR%2BGagAfHXTpj9xoL0QO9aTtX0Cb%2BRAzxPSJYkD7fjpbqPyyH8ty2LrGBRZurQLqlyvpwJhqemWyKZduyBCKzSXStYQConPl8YPB9smfS0ecTkF%2Fh%2Bk8Yqxw7tu86j9ez3WlOueGK%2Fz0W%2FV9iPxb7nlB4PODFHZh47ezYEGui0SZw7%2FyiquaaOz%7Ctkp%3ABFBMkvqSnr1j
126,Lenovo LU200 Drone 8K GPS Professional Aerial Photography WIFI Optical Flow Loca,$75.42,https://www.ebay.com/itm/285654763779?itmmeta=01HQMY4QM3XK9MVGN9C3V7NH4W&hash=item428259c903:g:l9sAAOSwsQllX7-1&itmprp=enc%3AAQAIAAAA4N93LE%2FPyBb8Zp9QHjUdAJE%2F8LvjH5v3xfabSeHWUzG1AEHgkF1ARnY4JPCNKtpMQ9W1GWEbOHT8EzKNLM%2FvUjRXvsyg%2FfIGj6vmhDXZga2dRXyX40LoGhNzz16fJ1DyPCFisEX8sflo1emVibowhvmjz4ueTQSW79wreQsHwXucf4Bexd5MLZ%2F1CGF04kea8MUksI83U6ipTCJC8MYtom2hdtjPrWg%2BFt%2FhbmQkIRDFehj%2BD03DZczFZXxB%2F6Tf9TE2a3nvyFEWAX0JwANIwfSUoAW3MDLGmdPU7PzaqoEx%7Ctkp%3ABFBMkvqSnr1j
127,2023 New RC Drone With 4K HD Camera WiFi FPV Foldable Quadcopter + 4 Batteries,$28.75,https://www.ebay.com/itm/404612164265?itmmeta=01HQMY4QM3DX4KZQT8G4N0898P&hash=item5e34c3aaa9:g:2VkAAOSwYQ1lTQNF&itmprp=enc%3AAQAIAAAA4JtjwohKm9%2FnzbzCAKbVlH%2FdqqoW3dcl6Wd51KRLAQKeVBZTib5oULAqyaGXsdxrNz%2BoS5veR3n9oQ%2FsyyQR6I3kFgnsUke6JbktswBTk8SuzF7RmdG15iYqo7L3T5K0CIjtNopLmu7wHCBrRHJLGwM0v%2Fvha84T%2BCuGGZtOgC%2BvozkA9a1AS5t3ERK5uB4yXtjmjg5bRfoda%2BUpqvLEKcwvw1mIY%2BjZssD%2FcyC5Zoh%2BgiNQopp7E%2F2b7haC8P5pP1UbAVI3ViHHMFoY6yQH4V6hM8d6bb8tYacteBETPMaL%7Ctkp%3ABk9SR5L6kp69Yw
128,New V168 Professional Drone 4K or 8K Dual HD Camera,$114.16 to $171.24,https://www.ebay.com/itm/116031505634?itmmeta=01HQMY4QM319TK014YM052GWX2&hash=item1b040444e2:g:lWUAAOSwusBlmUvs&itmprp=enc%3AAQAIAAAA4MsCi2gTSx0LnAjfFnTHJgLt5OJaimB1cNLQBTIQ1zWVIRd6sbB2nwbRV1%2F3N6H45ZcgkAoPEDQbHUuy1QrPtoxzIdoxb3lt7SBYr16ZI4BZZrxLM7VvVQKRlwwtplF1pylOCaLm83%2Fbj8%2BHPDgWtC5UgPMCeNVlg%2BDJeRDG99Oi%2BPXnIMJKIMtBT%2BpLCrwjXglfMZPIjV%2BsF4s90UlY5GJT6ZAdz88bbCcfov%2B0hfMXcp3EZIQVWuQI%2Bo38AdQn2GRZ2mRQu6%2FGaP8ccf2pMeguR3s4k17BPEN37IWOOEaz%7Ctkp%3ABk9SR5L6kp69Yw
129,"NEW LISTINGDJI Mavic Pro Drone Bundle w/ 3x batteries, case + acc - great working condition",$94.00,https://www.ebay.com/itm/285733352893?epid=2111394582&itmmeta=01HQMY4QM3J3B272ZF75N00KHE&hash=item428708f5bd:g:G4MAAOSw441l3DcN&itmprp=enc%3AAQAIAAAA4DjTJQumI6d2cs17kP%2BJ0VjLrGK5LX9PiZHiu05slnk1r68t7WLolX%2BXEvX5GP10lJbKwyFn0rItZhUqnza2%2B4Sfl4hOD7sf%2FwuyZw4TEVwuNseNVAmGx5TQm6HZH7wLTmHaNmE2hZQyYw4o9EZQO5o0IppFsiBs47S%2FtmIw0HMGS%2BsbjFX9%2BSMmgEMm2Ssh4%2Fj%2BCsGkfmJYn%2B10PAh79WVzM2HkvZIW0V%2B0BuPawsfEo8tTSPlmXHwVzh4kHfWZQ15idsq7KYxR5fo67j6%2BlmSQ6IwX8q1ytJy01BISQum0%7Ctkp%3ABk9SR5L6kp69Yw
130,Lenovo V88 Professional Drone 4K & 8K Dual HD Camera,$13.32 to $71.03,https://www.ebay.com/itm/116030529256?itmmeta=01HQMY4QM3FKWWW7D6JBX0Y4AR&hash=item1b03f55ee8:g:X6kAAOSwRbZlmB8d&itmprp=enc%3AAQAIAAAAwMjMyHsOJXg7hlD%2Fdv95wsSitX%2B0Ky8qTPM1XIImUJr2yV5rxxUVLkDyiGP9SYCROLjQoYbzRqlX7jgp5rHzIFnP0Nz0NuLMWLBSGEDdj7dM93SYva6AymVyTk8Qp7S6ApPG5VocWvYyWhILq9Wowqge7qjB8M9p3ybf6PuSaTrCDaS6lk6Z13OllPm1BH5%2F5dIJGY8jSO42cs62p9t%2BTDe4GIorJLAUCgMtCuBnsLksJmbM0q3WKJswfzJjP%2BJprQ%3D%3D%7Ctkp%3ABk9SR5L6kp69Yw
131,NEW LISTINGDJI Mavic Air 2 4K Fly More Combo Quadcopter. Plus Extras,$112.86,https://www.ebay.com/itm/364756140615?epid=3040640008&itmmeta=01HQMY4QM3XS7NNXNH372737DF&hash=item54ed290247:g:aJkAAOSw-GJl3Q1~&itmprp=enc%3AAQAIAAAAwLp3jQta4aJzBj0fsIhxTHwDG6sa9FbM2IwKodVteB%2BMYOPmvyG7H%2B6QDR1UPgyBltaPWwwJ3%2FGUB%2BPRe1%2BbUIVH362BErpvNywwfIa6IUQxHhGrpWnXF3kSqjDl97RZctiUjD8K6OE1r1WvQnzjgHPe91SAu0tHiBvXOXTlunASMdK%2FnI70mpGrZdME6HsgDliwGfElfGksiRBeI7KgRq5BAvtQqK4NQeCDfsfWFeo3CWCpzqdFPjxvjGFVWuabcw%3D%3D%7Ctkp%3ABk9SR5L6kp69Yw
132,DJI Air 3 Fly More Combo Camera Drone ðŸ”¥429$ðŸ”¥ViaðŸ”¥dronesky2. shopðŸ”¥~!!,$403.00,https://www.ebay.com/itm/364753133088?epid=12061956321&itmmeta=01HQMY4QM3QFKDCMJ2P0RBGSP9&hash=item54ecfb1e20:g:3nMAAOSw6Upl23Mc&itmprp=enc%3AAQAIAAAAwJJlrx1CDyuMCk4%2BIAsuZ9rqHq2Jlr9UxooXpTVfsVGMNJ5e8%2Bma0h4uEaIEyYuSGmOen4L1kZqrf6fWW7hJ5tvH30YaftT81k4AmPG9TA9bBXr5Ks9NF8XM6lLjtBvihzGZB5s5bb2k8YbmlpV6Z9hnIxYglT%2BA%2B5eGrYwtO3eDpEoOxnlabJyJw4%2BX41knXhbRFEbGOQuiiiT0Tq9KMNU%2FCUn39oAKSPAvh0EeP0onaCdOmsaIyjYX4dAQT8Sl9w%3D%3D%7Ctkp%3ABk9SR5L6kp69Yw
133,NEW LISTINGTmotor FT5 fpv drone 6s dji bnf,$278.00,https://www.ebay.com/itm/355496394910?itmmeta=01HQMY4QM3Y3RKTSHZH6027ADF&hash=item52c53c809e:g:FxIAAOSwYO5l3ab1&itmprp=enc%3AAQAIAAAAwPC1c19OGvUa2rWRONMWxvOa3GVhy%2BPJArcNAowp%2Bx6JWpSsRA4ePOIxkmiuSO5poH6LAz1hXMIovXLHrcjmf9dlglTrzClnRyXWyNHuTb%2BraijjykuCeI9EFXlYc8iMK5ifEDehnDu7YTOM4p8EB3%2BOp3ZWqSNeG9lPWOiFXLQqaaDMklX1QCzZwIoNR5BtjS8tffNIT1NsC8BhjVcFIg%2BVpF2MPXoxv22VUw5Re48iNXZYQUIOnirTOBk1ZIHVVA%3D%3D%7Ctkp%3ABk9SR5L6kp69Yw
134,NEW LISTINGDJI Mini 3 (Drone Only) Camera Drone 4k,$34.00,https://www.ebay.com/itm/156084406856?epid=8058113456&itmmeta=01HQMY4QM38ZA0P6J6H8JVW1JR&hash=item24575b0a48:g:beoAAOSwILVl3Ume&itmprp=enc%3AAQAIAAAA4OrAd3py8R32Y0boTYUbnzL2mSYfrWU3K%2B7rIna2duUUUNHAClph6TX%2F1RijrVcR95k3%2FQGVefjkB%2BrgFuDxP8a%2BxxzBaNKxcRDjyLrd8i0ugLaZ66U9NqtbAigYUa42%2B9ivngdju1cWt1Ea92fzVm2%2BtMqX6zF4XJIDPkNdZ7WXF4GCCLg6cFbEGL9XEe7LIWB55CXo4ZcIMLt6xHUc1COmHLStCjx%2BNKCKlJ5U9VVKmuIN3MOB4DCnUezjUp5VJzgA24jKgJkWGzCoXtD3Z%2BYgF61NbVlnSxPPNrFhJaxl%7Ctkp%3ABk9SR5L6kp69Yw
135,Mobile Phone Remote Control HD Aerial Photography Drones Four-axis Quadcopter,$29.55 to $36.68,https://www.ebay.com/itm/314608732433?itmmeta=01HQMY4QM36QKM03ZDG9CRS8PQ&hash=item4940244911:g:4rsAAOSwpLRkbXnG&itmprp=enc%3AAQAIAAAA4DCLaArV6rY5sJqdQdY%2B0zJaJSFw4fOUkPsL86k9rMsiM8hwfMlcsDt3lXTw81JhUmAc0jbNQxBWCwQuNVnMhRUGvgeR842LCt2FD%2FLyZlokPJSO3FrXZb%2FVuRKmwVIenfESOw%2BZHO87bjiKxCQgZ6YcbfV4Rar3HPpZZ1X07qoUbxlwUaoKqTeZyLP04k3bRGbOfkLVZT%2BsZ53NtkQo7%2FTYI%2Bu7ozHaYAf5aPPJxjs0%2Bl7WzWVpGxGJmCXnBKq2L5iQMMoe1EEoJLyPu%2FgO%2BNSZ9436n2Mo3e2uHfdy0ipp%7Ctkp%3ABk9SR5L6kp69Yw
136,Lenovo K9 Pro Professional Aerial Photography Drone 8K Dual Camera HD HDR Obstac,$77.82,https://www.ebay.com/itm/285659071546?itmmeta=01HQMY4QM3JEWS8F8P4DAYQ45E&hash=item42829b843a:g:VIUAAOSwEetlqQmb&itmprp=enc%3AAQAIAAAA4CsGTWCggU2Vz7R6IX4gud6XSEu5g7Gr7R4fNUF9SOF7pX4BBSQIA0JOmJ75PPlqCqIxMBPqHvVcVwUSmDPcVOOE7PkgmBTYVAVFx7iMdWZpDr9kl8%2FFLjqzsk2y93%2FkQKnOpyA%2FSRe9%2B64sT2sjcxWWComotYFbcmc9HF5PZH25f8XkmHALrNtlV7fWfEGxL2FOFi26R8cv67Tkg17lsy8soq85Y5HnjNiQyELZ1dBi4yqi%2F4GvZKLAXKOLBc7o8RtrauOztHsNHyp7bD8NtpffUbfLQiE02LU6%2BHWJsyQ4%7Ctkp%3ABFBMkvqSnr1j
137,New V168 Professional Drone 4K or 8K Dual HD Camera,$76.07 to $114.12,https://www.ebay.com/itm/355463823791?itmmeta=01HQMY4QM3EVP1NGVSBM80V4GP&hash=item52c34b81af:g:OW4AAOSwV0FlzJzJ&itmprp=enc%3AAQAIAAAA4LvPzr115DNdlvEpi3dcvXnnroiDyu58YodoixIteD7GOkHLBHCpGhbl5ezRc3HttV8rmM32wIkeUm4sctNoB1vWYC0mGHUAH8GxEasFZQciKiIryfL9ERv4Y%2FfqBzxKq1pgaBWFIxtD3EpTD3Ven9t7jRGgjG%2BobntFsmUjtD9mKNU2AMbwNpSVYG4LNHfzPGyViXmdy57U7EluoU54XhbinV%2BEosjLfue9x15k2%2FNbFqpT03X9sPWBoojmfZoLLlIfFBgksmeckXvFRn6tb6Vem5Y6VbwD1nTCnesMNw19%7Ctkp%3ABFBMkvqSnr1j
138,Lenovo G6Pro GPS Drone 5G Professional 8K HD Aerial Photography Omnidirectional,$83.12,https://www.ebay.com/itm/285600263897?itmmeta=01HQMY4QM3QSYT8R2Y7ARMDY1Y&hash=item427f1a2ed9:g:ovkAAOSwC41lX60f&itmprp=enc%3AAQAIAAAA4BHGNZqLQ2kAIQb6YvwkRKU9eeWlt4fIr52%2BLnbwbGAAJ1sg4kLG5h0j6Q3fFNcUzK5%2BzT4W3qFq7kdNdKi2rKlVLYG88%2BRzwclSCx0YoYsje9Yrt54itoi20wbvQKJZBYg9iistSb7WkrJUvqKLxEs4%2Fd9sbx8AnoJ%2BiNB%2Flf2x83XKrG21wt66bJJUdJoJHyWGUTTD%2FXeU%2FgX00KxYg8Rs5iKMrb7WbRdwzf2GvrcatzXCvy%2BhrvvhtVFpDR1D6R2SyvGp9vUgl7F%2Fn2uzW0W2HtdSNyEi3pACYXYgscbb%7Ctkp%3ABFBMlPqSnr1j
139,NEW LISTINGDJI Mavic Air Foldable 4k Drone,$130.00,https://www.ebay.com/itm/126350794871?epid=18028335120&itmmeta=01HQMY4QM3807GEDFG6S9JXAD0&hash=item1d6b182077:g:AC8AAOSwgwdlyoFF&itmprp=enc%3AAQAIAAAAwMlMdaw7b7IhTS2D0qEEyfZrgh8XAK3L7L1FdL40ccbh7yllt7PRsM0erwhYn2z7arSzt6SKzaqqFYuyb9bF3VGADv0X3Lz%2FFH9gh4%2BjETd6JFqHRCfldS%2BaMD2u5cNppvKGxc3QrIZHX7c2VS0BzC9ES56OVTN8so7Nvw2tjDv37u2csQJxGYpK%2Fao4y%2Bn2X%2FqoP8SV6RwnnW%2FljJdEZF7%2BVTGb43cA1vp3HQRcfiXJWExlDZE7ayqZadKaspJWFw%3D%3D%7Ctkp%3ABk9SR5T6kp69Yw
140,DT908 Pro Max 8k Drone-NEW 2024,$94.82,https://www.ebay.com/itm/175918639305?itmmeta=01HQMY4QM4AW049RBS06ZN0VPH&hash=item28f59168c9:g:6IkAAOSwxM5ly0Qg&itmprp=enc%3AAQAIAAAAwDreGkU5Flz4skdP32CobrqNlnxfxOu%2FjMU1KEbLsOALcECGDab22TZoOtywUPmKLZlC55nPDekJgwWEl%2BnivbjVDGZDX4terR0dOxni2feU4ErsxGLI6%2Fw0vykjhvCVZl6U79jzS05SXsxGxQwiilKTQJa3mLm3E3rM1oiPkJcKryn66ZqK%2FSsGOS%2FmNi%2Fz%2FZ23mKMPn0ar4aTbKtNeGIeo29la%2BU2PHABG4VQQiWJhVjAHUNMIpOE3NgdZfP3wRA%3D%3D%7Ctkp%3ABk9SR5T6kp69Yw
141,DJI SPREADING WINGS S1000 DRONE PROFESSIONAL PRO AERIAL WITH CASE W/OUT CAM+,"$1,874.99",https://www.ebay.com/itm/325889745340?itmmeta=01HQMY4QM49RSB1T4C80ZA0CMB&hash=item4be08ae1bc:g:BB8AAOSwoChlVrvv&itmprp=enc%3AAQAIAAAAwB1UWGi%2B3o6XgfQONpX1YXFGQyMXYAmumu9T4Pcwyi3lVGKV%2FDlemrf05EF%2F6Fw%2FeADnNxKGqVoQPXcK2GmSu77GpYv%2B2jZaTGti4KdDafgMhs2ZeHs0WStxZq%2BXbc2fE6TBVOu3zzpXlTMd6Mq6Vqwwtm%2B4zADosPNyp%2BYnxFM2ZGyzc3hfHowFgwFKePS5%2Fiaoq83XlmY%2FGHR5dNv7hDXnPLeOJw76%2FUsa6z66GidjizVRaofUofFzeh%2Fc57evog%3D%3D%7Ctkp%3ABk9SR5T6kp69Yw
142,NEW LISTINGXiaomi D6 Air Pro Bluetooth 5000M Professional Drone,$32.54,https://www.ebay.com/itm/166617040098?itmmeta=01HQMY4QM4RQNANFZV31NJ6RQQ&hash=item26cb2644e2:g:OYIAAOSwtF1l3Igf&itmprp=enc%3AAQAIAAAAwAPX3Zegk%2FkV5o%2Bhwz6BSnlI38o4UuY1hN0WU6%2BIkJidNubPIAn9OZvKVaHbGjjqvsJE7tV4eP9E7M37BmEtr8yNZg%2FEyTByJI1Bip3eb682e9HbVovIX7%2BoSM8X3cv9IfBWi1y1na%2BcBn3SQ3TQJomm5HvzUHMYbBGPF95oIxQSI8BkdWP9WckY2Drin6jpeyR4u3sMO%2FS6XYCHVeE0aYqnxzC0Lb4vk9QluGfil9%2BUWqjVY5b8hkB4k0DstUNtFw%3D%3D%7Ctkp%3ABk9SR5T6kp69Yw
143,DJI Mavic Air 4K Camera 3-Axis Gimbal Drone 21 Minute Flight Time,$349.00,https://www.ebay.com/itm/145078819983?epid=19030524135&itmmeta=01HQMY4QM4KZB0A4XJWZY1ZV49&hash=item21c75f1c8f:g:6pMAAOSwSwpkve64&itmprp=enc%3AAQAIAAAAwNI9vit4K1a9W4X0pfFlW3do0e0STTZggDTQy6MfItPHV%2F4xbLaR6Q59tR0PHEEfV64amJ%2F9xSi9oxSscd2sXYLdkXTSO0mDiSAeWyLcg3wn0n6ov9w37zNHQwPM4RZ4WgqnKLGF0gA8zmOu2bwDRQPIPyjd52KMizQBlhaS8FSWNlWsn6fGEemtO%2BL4QPmhcBaB4DB%2FUtt0OoDbhgnptK4RWUJo61PGiLVn%2FbbHcYYYh1qZJSbTwVTR8B2aPfBwCA%3D%3D%7Ctkp%3ABk9SR5T6kp69Yw
144,Eachine E013 FPV Kit Great beginner Drone!,$65.99,https://www.ebay.com/itm/196260276798?itmmeta=01HQMY4QM402R0RXNNZ0NM52P8&hash=item2db2062a3e:g:OOcAAOSwci9lznPz&itmprp=enc%3AAQAIAAAAwEtcJz6ceBChJXp73C4n64TNSlJhnupwmakKKCObeBwo4XKVVN9ix8oVHN4gLL8SkQDfD458oqcRMoodt2f1QyxbUn6wJiyLVap54Jz7087ZtZVKs8Nl5Yt9lpzRJnZVAe40sYtzWs--eptQSai4QWYUtU0NXL2axkzLyA5KibGtAO9UDPzEu5EDYUvnUNK8bmP1arJRdbLuOPA%2FyfQBRdBaAAvfux8VuMALEeuWZUJoMqY9rG%2FZcwaSgZJE6dIpsw%3D%3D%7Ctkp%3ABk9SR5T6kp69Yw
145,DJI Spark Remote Controller GL100A,$53.50,https://www.ebay.com/itm/335052193340?epid=1600750819&itmmeta=01HQMY4QM4FG9Y8QMCTDH9R9XT&hash=item4e02aabe3c:g:~QcAAOSwig1leUkr&itmprp=enc%3AAQAIAAAAwFeV4Z9Au%2B6fypNIQCkDS9drRsFIoc%2BYbOSoeksUMd45vcflLP8fESSczyJIQmqc4vYK2YDZsZ7Rxnn2VP0y194E33NdXKmc3usUkx73wQWIR6z%2F2emwepVKbWmtCrkw0QZYlRHW7cXJ7huY00RkqjyXwBA9HsGz%2FVLCocz5s%2BO%2FJ4l%2FgJ69lgRJ6gv4rvQ6gmjn8heUbslwkOe7lyr7LnzhGhml7JO4YQOC3quWqqfCzNPZlYAd1yMa%2Faw9uTmdTg%3D%3D%7Ctkp%3ABk9SR5T6kp69Yw
146,Drones Quadcopter 5G 4K GPS Drone x Pro with HD Dual Camera WiFi FPV Foldable R,$19.90 to $28.15,https://www.ebay.com/itm/175842835415?itmmeta=01HQMY4QM4WQHBYHR8601P46PS&hash=item28f10cbbd7:g:q3UAAOSwCtlkyL8D&itmprp=enc%3AAQAIAAAAwH7PvzFJiLbLtzSerN1oMLQGtMdVFz6MzLSc1m7tdLyRjI942Lphfh7b9lfpajpLlldYW1vvJaePJ0edY%2BEdFZrebuZwCAyVkf0Zy9Nq25ktpXYst7nBiUowCLjvoPQoqq%2BvfiB7g0bi9Og5%2BqVzfZ63m8PyhWQHhEwGAgF4C%2FTxD%2BUi4f65mw8QGefTH7CDSD01v8qNcs80AnG6%2BI0BzsX3Mdij1Z%2F4bJotcppnWEXkrn6jIR4XqM92BUd2xFbavw%3D%3D%7Ctkp%3ABk9SR5T6kp69Yw
147,DJI mavic 2 Zoom PRO,$436.23,https://www.ebay.com/itm/226011514891?itmmeta=01HQMY4QM4D0SWWGJFA4Q6HCH0&hash=item349f56080b:g:0ZwAAOSwyV9l1HNC&itmprp=enc%3AAQAIAAAA4FI8trhQnNz2lzgJaEDZxLXNLeeVT4JxvIE211KnRUjObChOgV%2BMxgf%2B7m9TgeewZ80%2FpSQohKUEF3kJwQDdkqhKqBOo09SZccl8Azq887P7mTUasyEw0%2B8y18m1W1%2BnKeIVKAEW1IJvJoQdF%2B1a7FlviaU2BLR6Bcw55YQHwpQewgbzhaR7oxO%2Fk9jyb9m5lBj%2B%2FZPm7wlkWjY0ezhK3KYkzG1FpVo2IvQEG2RwReeI49ZHTZSrl4TwJJSn%2FQxpTDp0BcyhXNvdcPleKBUKC1N4TDp9J9VzgxS9p88VfWCf%7Ctkp%3ABk9SR5T6kp69Yw
148,2023 New RC Drone With 4K HD Dual Camera WiFi FPV Foldable Quadcopter +4 Battery,$38.89,https://www.ebay.com/itm/195677488838?epid=22059942601&itmmeta=01HQMY4QM4FX6HJS7YJ3R8HCGX&hash=item2d8f4986c6:g:w~oAAOSw9mVkHj57&itmprp=enc%3AAQAIAAAAwIeW%2BPwx6dbRReVTocQxngeWn%2Bpt%2FOhxLDN9Fnh6%2Bm9QmHZVVnB0pTtVR7%2BmyjMMQenMNafuNGy2%2BnnrWTE33OtBzC4dKWYOlVy0GghJ7gdD8sPjiEd5xzciDBOq6FbL6%2F7VaaBthcB7XIt3uwMFI6wl9Y8xhDNGofwj6fELIvARksCN1mc0EeDn65Dcnj5I3znIlMtaWnjdhfeDBGjf5aVci3FbKX5SzXnYUlXvwuB7YX5cX1FBU%2BMgmkIU2PkJyA%3D%3D%7Ctkp%3ABk9SR5T6kp69Yw
149,Skyxon v168 PRO Drone | 8K Camera | Obstacle Avoidance System | Obstacle Avoidance,$137.81,https://www.ebay.com/itm/226013418358?itmmeta=01HQMY4QM4QVMT2J1EBDV08X8K&hash=item349f731376:g:DJAAAOSw9RVl1iWs&itmprp=enc%3AAQAIAAAA4BdwqezLGq2J6UTuBf7ewEud7tNTSsI37BU1ETmhMDxI6fEpbEC9yH1yhOJYcrhyDy9%2FncI9Sc7fEWmvmR9KuCg2ea07R8hSjWvVx8mi6HRVACnMY5n6e9LPqvqM3pAKjVPrfU21uM6RZ2v2pQLmkFt6zwgDaI8IfNAbk0cWxYJ9n9zr4CroOv7OJQtOCF6ixbxusxSeJe1g%2BAfYJ2jx%2B%2BOFSzXPAnB2eS55pl9%2BXMUAPPAYXlzKSPiKJtFWQXhkJkAFe1CKj3w4VDOCimyKnCRHXZ76XvO9EN5%2BvDFsZWcH%7Ctkp%3ABk9SR5T6kp69Yw
150,DJI Mavic Air Drone Remote Controller S01A,$64.80,https://www.ebay.com/itm/334423304260?epid=17032785349&itmmeta=01HQMY4QM4H9Z4KZQSP40J1TW2&hash=item4ddd2ea844:g:aFwAAOSwhChlf9js&itmprp=enc%3AAQAIAAAAwB9BSibKFW2wcsanzRKjcOgEwDSKUWk5evNjDHaGYBRaIpi%2F0fUp6t8%2BY%2BRlePi3KQ%2Bo2%2BDWSy4jI8OqgmqqZiPKZ6AZxuppbvGn7PK2kEyOqtMcHNRRPrRxBVqgUel%2BNJkhRY4QeqgyK2yWGe1Z7EzYnUwX8Ye0deHLjhD5%2Bn7zHrzQ5yd8Kc%2FVtmK0sunLXXfkIxa4oJDnmWPT7277qfBwP9s%2B8OVKOlkZ5i3laC89hNIZu8nMMEpTLVsNDqa22w%3D%3D%7Ctkp%3ABk9SR5T6kp69Yw
151,New S6 Max Drone Professional 8K HD Camera Obstacle Avoidance Aerial Photograph,$45.00,https://www.ebay.com/itm/404811118524?itmmeta=01HQMY4QM4W0YJG608AYYR0B1K&hash=item5e409f77bc:g:kA4AAOSwqoRl1cef&itmprp=enc%3AAQAIAAAA0PUnaX92RtRXk8Wt7m0otTkxytvy8jPWv5cRvGugIrrqR4JV9VSLUGAnXvIm8py42FyHcTCP5VgusntSvr4m3uk%2BAe2qipV8NAgYcZrwc8B2pH1k3G6o7JTp%2BvBNF5%2BoQQotDEGB0mPVyZj2zMS8ULh%2B39%2FVZL8u5Dp1G4HvIFDE5LUmpAsi8PzKVKypSyCuUUzgJjrdz8L2WY6z3LIGj4CFk%2FeZCgaqVnm0e8iWI9r77t8K%2FoCsbZ7%2FOnjASXG8n1Nk1pZZEsxMbDymm88aHHQ%3D%7Ctkp%3ABFBMlPqSnr1j
152,Tesla M8 Pro 8K Drone Professional 4K HD Aerial Photography Quadcopter RC,$45.00,https://www.ebay.com/itm/404814012912?itmmeta=01HQMY4QM41P3GRXTC1XCD6D4P&hash=item5e40cba1f0:g:bZkAAOSwI4Nl13LI&itmprp=enc%3AAQAIAAAA0Mxc2avTto4hbBa0Z6Jyhx868RyewxUZBlQVJQfcZYcLuhhD1ttNk6vkVDAFIQFyd7U%2Fji5CQvRRAylIwdbwu01tJlhkr1MxH1VZ9Z0LN7IAvJSOFkdxiqyYjs9TxZZPVEoFd9BDFG8LdqmOu7SBXqO7QA%2FR2ue2DaqH%2B%2FCxE7STtxhfC6rL3qbKy3FfYfkk0WxQSnyWCIvq4mBvba3sSAVrmgUdjMLxugfH5L6cBM%2Fok8LZ2e72G4qkmgdajStmUrJIK5VPB%2BvGxmMvp4Ouvjg%3D%7Ctkp%3ABFBMlvqSnr1j
153,Professional 4K HD GPS Quadcopter Dual Camera Folding RC Drone Wifi Rechargeable,$24.84,https://www.ebay.com/itm/335004190791?itmmeta=01HQMY4QM4RMF0H8QAMF1Y0KQ2&hash=item4dffce4847:g:98kAAOSw7kpjz4wG&itmprp=enc%3AAQAIAAAA4A6nz5W9arR7CDDrrJA6s6f3FuolQdZjDWLhihl9hXd6n%2BSGtUXSEEU1WttpTaapEs9qqD0TAIE%2FsPJ3BkmIQJyTRaUur4d80ricJ5MYzVj41AK5ZPyc3zhrNtksPqJDN%2Fl%2FwD8WC018vzp%2BpGtPsqOgAjhrfI0sBOsT4u%2FFFzS7Drk%2Bzlsu8KhzHIz8HeHs1nKFRZ%2B2sM1XTEV%2FTJmY9SzBTw9zMnVaTrfjwrpDSD51O3ZfGDSuisen9lvcv8em%2Bu8n8xetUJv54Z2oJ%2FIfx4Rde7kh%2BUBCv6NnmcpXcZvI%7Ctkp%3ABFBMlvqSnr1j
154,MIJIA P11S Drone 8K GPS Professional HD Aerial Photography Dual-Camera Omnidirec,$79.27,https://www.ebay.com/itm/386771489770?itmmeta=01HQMY4QM4XJT9SNSHA50G1PET&hash=item5a0d6093ea:g:UYsAAOSwtJNly1NZ&itmprp=enc%3AAQAIAAAA4Mt0sImT%2FjIkzbI7f2BDaae3%2Bu7h3aqdRygmPS9HbrpFyVUpGoJe8r8nVrwgrA4KV52W6l47mqo--DSc4BGAXMv2E6SIJ5%2BtEeVmfmnExGcj%2B0ovXpllpCbiqSxGaymoLezjBKb3Uff63KuQNbxASXlSoDCCbJPCT0kwpcfK6qy3XZwGrzjqqZhMo8BmkPw6Bgo9LZyx%2FaJ2GYBei5unEHhLrZOIQc5ecxWP%2FVuP2hsumgWe8ctRx%2BkinHmFNmigfx32cKOgJta393bCQY2P82rOGFXCI%2BaMLHXqAUXzRgXp%7Ctkp%3ABFBMlvqSnr1j
155,Pocket Drone HD Camera Corvus Beginners Brand New Authentic Boxed NO RESERVE!,$19.03,https://www.ebay.com/itm/145630288901?itmmeta=01HQMY4QM4WRV6411YERR3PP4B&hash=item21e83ddc05:g:p7cAAOSw6VJlZfeR&itmprp=enc%3AAQAIAAAAwJMAdP%2BSJXm5Yoly7KkHhI7pjsjiq%2B4oFFWRLkAyM7HuTUfxFc2zlpWkLoP3FfyYajelCLrw6ECk7RHmyNJkpvN8j5q%2B%2FZFqcdeTvAM1f%2FgzDVuseUqH4ckRu3T73nxKpnjD7OSFbb7CmuXXh4I1duTXnf1R1lh078mln8Z88%2FO2YUBTrozYdlAmx%2FU5m0Kx8guGmud9UoOWF%2Fn7QWkI5CNLkO0%2FcIQDWumiiKCKnxL9w0n%2F2p9B42K34QBVqgBIkQ%3D%3D%7Ctkp%3ABk9SR5b6kp69Yw
156,DJI Inspire 2 Drone,"$1,381.34",https://www.ebay.com/itm/255656175190?itmmeta=01HQMY4QM4R47Y9950296A8FKT&hash=item3b864ba656:g:TGYAAOSwQuRi57py&itmprp=enc%3AAQAIAAAA4KYa7o%2FS1ouLwAP1N%2FjXDMLzxv3e1YKwlleFYRsB820KIp947B49RhgTlysdrQeWOnBtzPiAFybmsY%2FY93Om1Z98x%2F0npu%2FbGeEx3ahtLogCS%2Fn8nMo8PGtuwTGaBUR03fBsGMUm1CFOvq%2BqV71CPPrTBWwGVW%2FShOf2ZDhr0F8PEhbIkg9vct%2FpYFm9fMzKuaSXWu4z1zLDhgnucsYDiUZWLhB23W6FuAQ2VmtHYlCxeN6Wj1lAb%2BpaQzoVXIXrWoc7B64gcobXKswIlFAy9vb6xUWez1edpxDwcdMI0L3l%7Ctkp%3ABk9SR5b6kp69Yw
157,Mini Drone with Camera HD 1080P Foldable Quadcopter with 3 Batteries - black,$12.95,https://www.ebay.com/itm/335119907624?itmmeta=01HQMY4QM4WX269KE7BJBK97S9&hash=item4e06b3fb28:g:~E0AAOSwt4hlZo-8&itmprp=enc%3AAQAIAAAA4HmcPnbodnBmqJUqJer7OyAm7PGgTDei4uIauKym1XPYCHFh5Vcs%2FPEz0GUnn0mKk3OMincA8DZySHl6FHIjpmqMAftDaz%2BvEhdagK1xzmNuPCaVDG2Xu4tXhaSFG54cJqnEM84vZbxEhgZVxD%2BMUfBgpI9rtrz%2FzmQHs4AnUTVyxjACNZlRBPjhTRxpXO15fHio1%2BEuc2G1C5TSH7dFoEO9bsmvWqvsXTAN66kc3Kz7k4a8Rw5K5caL0Wns8AzzEp8TZf%2FCwTkDJVuGw1koXosk4IYNZZGHEilnYgGMad9g%7Ctkp%3ABk9SR5b6kp69Yw
158,NEW LISTINGHoly Stone HS440 Foldable FPV Drone with 1080P WiFi Camera for Adult Beginner...,$65.99,https://www.ebay.com/itm/166618307797?itmmeta=01HQMY4QM4T28FDM5PE1YYKMCB&hash=item26cb399cd5:g:gV8AAOSweGFl3aiI&itmprp=enc%3AAQAIAAAAwFj06Qwotr0K1yC0qkKkhjrXN5%2F8z3f6253ZsySsKTWsfM87rQfz6ciOGzdaA%2FzjoqAUPgJQzmeNI8Cl2BZPEwsPVPYLFB0c1MF5DXmp5dgQiBCu889cUh%2Bt4TD4sM4ajPbuYXQx5uYHOFpFYED19eEzboJupcfqKxtYCQoRPVZyhheh0SzOSwf%2Bw046wlQKjK%2FJMwY6vaewrM8e7hUjj8JWx6roN2oDX0Y3sfAxHgx6Jz3jlEbe4AYfXzII7AFLkg%3D%3D%7Ctkp%3ABk9SR5b6kp69Yw
159,DJI Inspire 1/V2.0 Pro Zenmuse X3/X5 Gimbal Camera Vibration Absorbing Board,$136.00,https://www.ebay.com/itm/334523522817?epid=1642360033&itmmeta=01HQMY4QM4GE540QHZG1TQD44V&hash=item4de327df01:g:Q2oAAOSw~jhkrhnp&itmprp=enc%3AAQAIAAAA4K5puii3aWMYu6V8YD%2FUZCDW1iW2BfhQPdV5sgY2TC68Fp2ie90GiwbxpbNkZ8j%2F9E1vHleCLE2GFwcwfDr33HCgIBNmfH2cBNs2uqWjRu8YKGpTxeaKpjhJCFPCiEvN1t14dD89%2FYAYPtqrrqpGXI5cG1YbhiV%2BgyhloLonzWBETXpRMUl%2BW1BcNMQKX4FjGUeyig%2FweJF%2BHx%2FGnlOhFP7hcO9tuVwOd3z41EW8fXJD%2FIm97WrZl8cS7cRRtnr20KorLHqN43QbYzZYSoWM%2B5DPGcaz8UuzfFOkEBv2QIyy%7Ctkp%3ABk9SR5b6kp69Yw
160,DJI Mavic Pro Combo Drone 4K Stabilized Camera Active Track Avoidance GPS,$599.00,https://www.ebay.com/itm/145050404567?epid=10033160352&itmmeta=01HQMY4QM43HDRSX85QNF9YQGS&hash=item21c5ad86d7:g:pNEAAOSwe5tlBCWZ&itmprp=enc%3AAQAIAAAAwEANgTtCo4O5EN%2BMRac1aBtFSKBWIueuHY%2FM2V7DSsS6XR03wZhL4KldClv6q1LGu2RkOKo6JG%2B0OK7V7nu8sMm1Qb0YHSQDRWN%2FbhEgXOWFEqS5FwG%2Fjhja1jV3OwNLCqPHrIn%2BPCgPjJc2KvgqR%2F%2Bod591lHH2t8g50zeq4VyWNuOkDHGizPhCbpDZX9SO8G1rjmzla2Zo55XBidPdqSwp8qqv1OtlOQm7UPatAT6z84GnnplGR4uJEGpUzQTHNg%3D%3D%7Ctkp%3ABk9SR5b6kp69Yw
161,For Xiaomi V168 Drone 8K 5G GPS Professional HD Aerial Photography Dual-Camera O,$152.57,https://www.ebay.com/itm/386803481093?itmmeta=01HQMY4QM4VR3SYFWE46N26VP6&hash=item5a0f48ba05:g:BpAAAOSwjQVl1zom&itmprp=enc%3AAQAIAAAA4D9PeKIDSWQ6mbov2hVHmKIxHW3%2BK--9rtxSeUAFdokDpnuh5UOI4bAbrQDOxGeT3oMtXeQjw2znKj2iQ30GmHWKilI4RqTY%2BYNdkcVZVo84c7ada1TzYYhEthIKvKmxpXJR7I9tOg00JAEZGXgtCY0v3P%2F22Tc7EUK6F37hY4UuhKqD1a2Rr848IdTkuYC5BdkaMd2z3Nyq09n9JzdOHewCZbyqOHd%2BiwRQnVsdwBUuRbuf4eXz31kVTM%2BR8QuxXEsP5jbfjejz--YjkKjtjjj%2FUc3CCtUZ%2BxktYRtQYvzD%7Ctkp%3ABFBMlvqSnr1j
162,2023 Drone 8k 5g GPS 4k Professional HD,$53.62,https://www.ebay.com/itm/364550750189?itmmeta=01HQMY4QM4C2D848M0F9DZZH0J&hash=item54e0eaffed:g:FbgAAOSwWyNlPJZm&itmprp=enc%3AAQAIAAAA4PFnXfCqhnU%2FHAV7RRTcjVAWY37uV5tlGKNOjZ2eWa3mMGfW2px4PteCZurimgnYdaDnwrZvavS0kT%2BAVv6%2Fo2BwMLhUzvmEZROkfhyAema8c9TxYq3XSQ0EeDc1eaNJOFjOPvlwBbt%2FPMNCniGDOfYCvagz%2B7pA9pfWfmCZxfd2iQ39i%2FScSSDhfmqby4uKZROEPOXRYaJlPJOXxqxNpfUL3Qv4IUvPCBye2iuWDeYL2UaUwrZlt35b24TyLzbcXa%2BOQNLLTlMnMhH%2FFkLoB3BKsGejKFSeS%2B5NasvmfZnf%7Ctkp%3ABFBMlvqSnr1j
163,DJI Motion Controller for DJI FPV & Avata Drone,$46.00,https://www.ebay.com/itm/334806896938?epid=7044720570&itmmeta=01HQMY4QM4EP4JAC7D4G8PNDDF&hash=item4df40bd12a:g:5KcAAOSwXD1lmTUd&itmprp=enc%3AAQAIAAAAwPFfunYysvxVIQVd7qOAAjFKaiYFRtey8F7uF5qmaI5JH7KvqCGab1VVrtsQUMCSCoLk80PYL64Jsu4MNPefsWp3yNt9ATwyiIhysb5qLhnqrr0jvWik9LZQLYcB9GcD59lzmSjxpTJ0T%2FtS1mUTEQYfDC9%2B%2BNehlUJrxiJV5KW9wnzPfMtSLcRLLgoaE%2B2lQZ0EK5UEPYJusdQN6XDF3jhmIToqRrc8a6l7%2Fbg0r12pL01n%2FojaOEbHZUlmhdpQXQ%3D%3D%7Ctkp%3ABk9SR5b6kp69Yw
164,HOVERAir X1 Self-Flying Camera Pocket-Sized Drone HDR Video Capture Follow-Me,$349.00,https://www.ebay.com/itm/126197683818?itmmeta=01HQMY4QM4GV98G7F61CSFS931&hash=item1d61f7d66a:g:T9UAAOSweV9lXHQs&itmprp=enc%3AAQAIAAAA4KSepCAO6fBOnkMYKg4KINY%2FLVAIZKxWoQNleHOd%2FkLG7qKJAwCGGhCO7WX7EYGtpN8SYPUKX1EA2K4%2Bp7Lrf%2FpRtGoBvKtdnLE7LYwAWEhwKMgz3jKRecV5C2BV8ph87V9h%2FXxcndvwXYuAe0YwTbOIqcJkUEeHDIMDycG1ywrOW1dOwZXTVhOyop7%2BryfGPGtNGfqrIwEsLbPfACt7ciOiUKzNNQ1rokg2g0H46Fr35%2B5Tlty2sXiEgi3gWOZRlTgnDcRWeCfpO5UOUNIoNEHj21VMPBoMzUorWvSgYAEv%7Ctkp%3ABk9SR5b6kp69Yw
165,YUNEEC Typhoon H H480 Drone Quadcopter with CGO3 Gimbal 4K-Resolution HD Camera,"$1,099.00",https://www.ebay.com/itm/354771620323?epid=2135581057&itmmeta=01HQMY4QM4MMTJTJ0D2BB6XNDT&hash=item529a0951e3:g:LNYAAOSwld9dHvEO&itmprp=enc%3AAQAIAAAAwKsX4y8hIyGpPg7%2BPIWIZrEp45hRlfPNX6x%2FOkr9tyMlipJdHydHMir%2Fzy0CgBwTM3%2B7jhgUC5c%2FNIY6KKkFbaqHDmbch9mcsLSVS714wnHj0xFyZ%2BUFH%2FHHR48hwZzSigdFnQpAp6Ci871OC6dI%2Fr%2F9Scq9qo%2F3byPa3%2FN0eoMqzeIWnJFfganfz9eZL0jcN%2F4Z19uoVJj4%2Fmutjdm1n1XezY4snQ4vmIM4Sn1wvSrI1Xu%2BBtS8c1ehVaJOKe%2B48Q%3D%3D%7Ctkp%3ABk9SR5b6kp69Yw
166,SIMREX X300C Mini Drone with Camera 720P HD FPV RC Quadcopter Foldable,$39.99,https://www.ebay.com/itm/225971732128?itmmeta=01HQMY4QM441VD122P18FEZB1J&hash=item349cf6fea0:g:IlYAAOSwKpBlr5tU&itmprp=enc%3AAQAIAAAA4CYnw8ydO%2F9V5OCu9L5vhkNdx7gPsGFUoWv5cu265pzO1qjyJnbfPoTvuPgoQU0%2B29KDgyVGlhENG%2BHmIqXE8hETsdW7RMI%2BFAik1A%2FjQpxoQHuC9dvv3P9A2kBHAW7nPX1gl0L01zcu%2BbhtkR2c8Qbzfv5oOtw2XpnJOdB6nY%2B4OslBu9upbYZ3UyLtlwIFxgHljXEk54GNDp5B1W5tVaTQourXFHPb1k8tEkoneSgRCLM8VTY%2FWWUrpni189g%2FAmhA9n4asqvksNUUy0AHQ%2BA3ShrL%2Bv%2BM8I2l8kgQMYDT%7Ctkp%3ABk9SR5j6kp69Yw
167,FIMI X8 Mini V2 9KM Remote 4K drone 3-Axis Camera Quadcopter GPS FVP Drone 250g,$399.00,https://www.ebay.com/itm/404186570518?itmmeta=01HQMY4QM4S2CKKSKV5PYDA2BQ&hash=item5e1b659f16:g:ADMAAOSw8G5kU5qV&itmprp=enc%3AAQAIAAAA4Pp6ph3%2BNwAoUHk3%2B9AXgMJ13NayMjiYC%2FfRF5IDwEhndzBcQkL0T5iqzeJGhT1JZ%2FHPYMBzSgJc5tZiSo37sbQzRto9slJ8wZAnx%2FO3uigWLX8%2BitYoW%2BAkKgY6t4g4irOeVsaABez5PuQEaZfmF81Bk2Z0OwJrLn8wIRbKsUEE0ccAN8P%2FG3c0Z90OA8Y2QpVeb0GDI9BzwYbX%2FpcoYW%2FOFg1Bv6GvtWAjDpK0yIFVI6Z9kjcfRM888jR%2FRD09fIJs18Gua9WiHm5g78dVH60o1Equbh5C8xDs%2FUUFFKw8%7Ctkp%3ABk9SR5j6kp69Yw
168,AirSelfie AIR NEO Selfie Pocket Drone | MaxStrataÂ®,$99.99,https://www.ebay.com/itm/115714620893?epid=20054887680&itmmeta=01HQMY4QM46C5A7ES2PVEFF1BQ&hash=item1af120fddd:g:IBcAAOSwf3Jktgoy&itmprp=enc%3AAQAIAAAAwNKmM4DZbbkW%2BbR%2F1usBlcnxtOLIt5TbiZZfOsAWtIVSLXUp4XS7o3iOc%2BOhMpNjv1wOsLcwqEapTMGkPKOYXN44prEWEtBhi%2B6gCzsoltlE9Dyf0DmCVNo%2FJknjyU%2FTd4Zi%2Fx3eHXSTUdydGcOCpseJcBt8db4F7a%2Fodjg52DnfyAv3Fdo7iZShR9zfBS%2B%2FNWArQmP7wlNvIoKvfHtHia5SjVxXA1JtzlxIYsHfREUIMZSxTj04Q80xibPXintrmg%3D%3D%7Ctkp%3ABk9SR5j6kp69Yw
169,DJI MINI 3 PRO (DRONE + BATTERY) W/ ACTIVE DJI REFRESH CARE *FACTORY SEALED*,$443.93,https://www.ebay.com/itm/386809557783?epid=11056206733&itmmeta=01HQMY4QM4V6JTZ23KWN65W7AF&hash=item5a0fa57317:g:PV0AAOSwawZlzm87&itmprp=enc%3AAQAIAAAA4KDADlUvkns8dSLfPzWtBpXwHOWTAvj2bWZ2NmiS4dtS5lDjYLF7vhk3I6rUHyi2%2Bt%2BW6Gm3cr%2BdJMD9YRG0YVFX5et3yM%2BfBv%2F01T522ls3qHU95y28w8kDN1RwPF%2B8lnjMP%2F4H7HhkEGvztRaZOFbHAOtk%2Bb8Iay2pu9GnBF3DXA3lDtPbs%2BDl3GLn%2B%2FInHHIIKpJqzq73d9BFlJm1l5lW2kC6eHCYTTSVLTTtLA9whZpwZRb2jNdMkfGCqb5iso%2FOE8W9zTfSBJSRXOluwgv3msU18uZxbJTSfabd98wq%7Ctkp%3ABk9SR5j6kp69Yw
170,Black HOVERAir X1 Combo Self-Flying Camera Pocket-Sized Drone 120g Palm Takeoff,$408.00,https://www.ebay.com/itm/404646947495?itmmeta=01HQMY4QM5HK6KP23ZQ0DM3GK8&hash=item5e36d66aa7:g:FVgAAOSwZBtlZHo1&itmprp=enc%3AAQAIAAAAwKAtfBPyjwb9AClNgmaEfnDHeISSgpFTtVXkBwfFb7VeEjUxUt8z5cfZC4LVlzwmG0syX%2FXa%2FHnpf9QkUyKPkQMTjC9I%2BhmRwlS9fLGskgnLKbiYWm%2FzaUEUK6UsIPV6NdqzfdWUY2eXs8ynBj9WjsaouyaIGh6Ohluf3XafACQr4mGl0aGWYAtKjh6aSejnBC8f4gpUvyEQQIPt%2F8E76%2BOUrfY%2FRe0U7MCpI71FiKNacdc%2FVRILdDhrfwDuEwW%2FMg%3D%3D%7Ctkp%3ABk9SR5j6kp69Yw
171,KP4 DJI Drone Payload Pick-Up Device System RC Intelligent Airdrop for DJI Drone,$49.88,https://www.ebay.com/itm/145568462136?itmmeta=01HQMY4QM5SVMAC0AEJX74VCQZ&hash=item21e48e7538:g:-pAAAOSw3A9lriKi&itmprp=enc%3AAQAIAAAA4HYykbkXJQqqTrZKM00S0ZSmMCLwXhlPwDvK%2BOawsWJO7i9rwPOBeDTZyjfugxuLYBdztZU1d9DWLE9z2pJQ8Dd%2Bl3hNtJQunGT9w6nx5lWOZeXtUea0lJKSy39HoLjm2TOW3YujznMlEMGirCrrCKnGQpCsug3GJq%2BTMHXgYmFC4ujblNNI5jmisqM62BBBJSX1Uj3WRS9dBmvDu%2Be65iDgO7BC4TD5GAnnjYu9j7T1vjISOGxwtTvexoMQBUEMk1CA9l2vV6MzxxBjXmLckEPfEpxjGuxpui693Zm9Jr4j%7Ctkp%3ABk9SR5j6kp69Yw
172,2024 New RC Drone With 4K HD Camera WiFi FPV Foldable Quadcopter + 3 Batteries,$36.99,https://www.ebay.com/itm/126295564220?itmmeta=01HQMY4QM56YY4JX8S9W5WZ01W&hash=item1d67cd5fbc:g:UNsAAOSwgRFlr1--&itmprp=enc%3AAQAIAAAAwN%2B%2FvaDU50kzVcu7KFfgNWfcBn%2BvFwlwJ7oz1TIutWS5Q4%2FJe2McFhAZAd26ESL95j1Iz25mQmkzGgSqE72Htb2CKVIB3scbdZjxWUlQiqpipACcpPlABggSxPLHWz2u2iZqrSlnSHaiD312ZVtKmk3ulr0L61kn1UisOaxadEGJpM7XRKPMshX7DLXMP23WUBdmvZiUtPQHcC7RgsZttGql%2BlyR%2BAW6pgtU%2FPxiOIkUnS%2BcS%2FD9u7AHBdbu0D7c5A%3D%3D%7Ctkp%3ABk9SR5j6kp69Yw
173,E88 Drone 4K HD WIFI FPV Helicopter 1080P Camera Height Holding RC Foldable Dron,$20.62 to $23.48,https://www.ebay.com/itm/355222690753?itmmeta=01HQMY4QM5VD57VNE8494Q9Q5T&hash=item52b4ec1bc1:g:PoEAAOSwkxJlXzCd&itmprp=enc%3AAQAIAAAAwCuID01M3%2BB%2Bvc27hdV5KwDBbGtsXqr%2F5I5sfgu%2BpSOGQ9Zgw8dVD5ucUnQIx37NJ82--EJS9MCMRo2IktdUZfv0MC2dPB8pvo8JA2oZQpyEkSe%2F15Q6ke4%2BcVdjgddlV5xBwI3dYhcDwwMjdU9IjRLiSGzMbj5c%2Bma8WV7DfqMbTtdjW8V812MNKVGFmGTJNaDLlCOclIKMRP9%2F8nTrE6JvCfzzVpC1ledl604YC50hKdfrIsV1hjT1p5Bn83%2Fehg%3D%3D%7Ctkp%3ABk9SR5j6kp69Yw
174,SIMREX X700 Mini Drone With Camera 4-Axis RC Quadcopter Easy for Beginner,$49.99,https://www.ebay.com/itm/225864943403?itmmeta=01HQMY4QM52F9K7GN02XR90Y7E&hash=item349699872b:g:fgQAAOSwWGVlYCd6&itmprp=enc%3AAQAIAAAAwBZxr3HlP0cpoL7xroiNFlhTx23OBGJT7IJZ%2BdvmXUnnsI2RYywfGPSIAnQysCjHawLsfj0wvkZghdRIRCCusXN2vdKbvz5f8%2FHJTv45ffXWsZCAlEd031kaI4JM4yZHAA5YeVZWGBQb9wOGpUeEPBdXtzQkHYOV2YMJDVF9rzEvoGROwjAfOMDz91tkDx4GSenLgBeStiNacpQArOyzfu29aYIjtUW3lt%2FAsWzzt1A0pnzQZf5v96RWXm%2F1pzhTBA%3D%3D%7Ctkp%3ABk9SR5j6kp69Yw
175,(2 Battery) Mini Drone Helicopter Mini Drone White Outdoor Stable,$27.94,https://www.ebay.com/itm/145517568954?itmmeta=01HQMY4QM5ZESXBS007GG58982&hash=item21e185e3ba:g:6uEAAOSwCpJliPdm&itmprp=enc%3AAQAIAAAA4O4xUDvr%2BhhDnABaYZnRwruTqxmCUh8GaIznC7AKFfi5NmmSiQo%2B6xe6HM26OnNnu%2F3F7JV1%2B%2FAxr4di2jOoyMJihR70%2Fq24Gg0AiSNI1ZmlotBbU4b5pCyjVcKlMflE9UDysa9ha7sEyWOMIk2bnKMH0yw38MUIz5v5%2Bn93BrateIt9Er0JelFvRznDVTeE6pTHcdtwHTqwjSLPeOw3JFyksAxwPcc6hcGzO4iJ1xu%2BnfsDXYXx5CWeosztKpMER7ibgoYNwe86UFEe6PQrPhtrsqRRAhfy6uXHyG3x1DRH%7Ctkp%3ABk9SR5j6kp69Yw
176,New S2S Drone 8K HD Dual Camera Brushless Motor Obstacle Avoidance Dron RC Helic,$65.00,https://www.ebay.com/itm/404816550584?itmmeta=01HQMY4QM5J4Z1TQP6R4BXEDDY&hash=item5e40f25ab8:g:HoYAAOSwtxll2Oxt&itmprp=enc%3AAQAIAAAA4LxMgQ%2FGTIdzGhd12uxlmgTRPHKaNDfylnSZHQKgp1%2FzvC5nEfgBv72itsC21lpKbWM1fGuHyQSa0CHD2VPGJeIs%2FGVmw2zz06hiMC%2BQ35wEzQiazyz7IdkZsJ4RYt6ZARIYKo8gcUuGddDrv1G6cV8QpNgx7jUP1pRKyyQPzbNCtu5q4MV%2F5ONlngtMsH1x%2BgdWFDT0UbhqE61J6RHWGigQNu3w48T%2FEdVf12NACGZ9YDxyDtz6jMbrbUyqvBS5z4MgF5CWDxzaHQ3MXX6OC472%2FTyEpQ5oHwAy%2Bedryixq%7Ctkp%3ABk9SR5j6kp69Yw
177,HOVERAir X1 Self-Flying Camera Pocket-Sized Drone HDR Video Capture Follow-Me,$49.00 to $459.00,https://www.ebay.com/itm/355287642753?itmmeta=01HQMY4QM5JENH0NF1ZRNQ75R5&hash=item52b8cb3281:g:9sQAAOSwUVJlen3e&itmprp=enc%3AAQAIAAAAwNWb1G%2F3k4gTiQvQqidMU2F0OjIqP2SyCpVKya%2FX7dOk1ZOBEx5zvJ6PhrUGuEEH%2BoEIG5z1AeumFZ34yNl3Vdc8WE9wX73Lfd7x0OUV71jV613SQqbiIeQfhYkxG1CbVPYl8%2BkcrdVuliuOMDtWpZQ3BneX9X39UB3AD%2BD3AAWLa73e4QiM5GvlM%2F%2BHYKU%2BBwF7wvJeATGKuWwZXS2125C7QXN35Qm9qyUE%2FvqV5CLiHvzs6c6zcoySAD0TFCotSg%3D%3D%7Ctkp%3ABk9SR5j6kp69Yw
178,AirSelfie AIR NEO Selfie Pocket Drone + Powerbank Sleeve Bundle | MaxStrataÂ®,$149.99,https://www.ebay.com/itm/115719901939?epid=4054856016&itmmeta=01HQMY4QM56CTAGXDT1QGVWQSW&hash=item1af17192f3:g:6GAAAOSwnTBktgoz&itmprp=enc%3AAQAIAAAAwNhSTRXkZixBq7vjLy6H9E4pb3fouM%2FEiBIOEDYzfBYhALdO0M2N8hBS8hTEgq1b1SFULehpmkc5zBL6lEWEgxovsA4ZDjlIQhhqWEkRSL6SsgswvSpgCJutNjs%2FktA9cZ8V6hCeif3irB%2FEU336bnXHoqsUDXVdB%2FbxGG%2B9hsm00XcISbr0oOXmSQSwy3Q7UNMmOT38wbBeRVFuwC%2BlGI6GN5JvZbI3eyIw2BquqJKrrwup9HpWFHynoUL2ZM%2BTSA%3D%3D%7Ctkp%3ABk9SR5j6kp69Yw
179,Parrot Disco FPV Drone PF750001 Set with Skycontroller and FPV Glasses,$109.60,https://www.ebay.com/itm/166614072951?epid=16026970781&itmmeta=01HQMY4QM51P524KD3NZ5HTMHT&hash=item26caf8fe77:g:5ToAAOSwOnZl2dU2&itmprp=enc%3AAQAIAAAA4OKhqZhZy%2FuURswPIHfBwZCqgmsnI899NMd26t1%2F5xxMbt6XcL6CzDvDFNBwJ7vKQnxTWEasb1V5FAove%2FnPprRh4IApbTZdZ7NZkstnl21wChkLzmZEzkZbQEnyPXW1oUikavld%2BjDuOnkcNY56HiFAXLdc8CQyUAJ2STOXeJw4YJdw2H14pr3xKhb6f8EZCoKawITtRijzt0x8%2B%2BH%2BnpiWZuHuePO1vtsAZGs2SIZhJDJcLvv2CnDL%2BtauRfR6aQXJaFHu9XeT4i1YNaJq5ZxIG9TGXCVlP%2BTFv65ckILo%7Ctkp%3ABk9SR5j6kp69Yw
180,large fishing drones with gps,$600.00,https://www.ebay.com/itm/394975723577?itmmeta=01HQMY4QM5NYHA1TJF0N4G7373&hash=item5bf6634039:g:5D4AAOSwK2xlRFUu&itmprp=enc%3AAQAIAAAAwH%2BLzQLMNo2vID3EqyxENkuYb26eOcYjnUV%2FIFAV0bjczwQbGqHrKQKgdzfTYLJ%2FZu%2F2qChfWvRETvcbfAPJDhl05DpP%2F26%2BVAAR3nrqvtIV0%2FSfkHmWQ2D0mvo71%2B1iKfnWVWMshTwRK9IirGJrI14rjjRl4eZvjN9s4bVIDh2uVV3ewl1LJh4r5xM%2B6KiduSEotz6YUAL1Us3tb0zsKu4bppzcUczYuMnOYV9HcOfg00wVdlqoT30s3JgRKbOK4A%3D%3D%7Ctkp%3ABk9SR5j6kp69Yw
181,KOHR G6 Drone Professional 5G 8K HD Camera Aerial Photography GPS RC Aircraft,$72.08,https://www.ebay.com/itm/285597964640?itmmeta=01HQMY4QM5HZK8TVD03AETHP81&hash=item427ef71960:g:K0sAAOSwj9FlTHZ-&itmprp=enc%3AAQAIAAAA4E3hkVEB9VdUU6zLXThHaWbefqXEnEQAGA8XrjX4Zz2lE2ZWeT62lhg%2FuiTRNoM76rsOMI2xOa81fZUYKKxM5xWwYILUJhUdHmpYgXKJI0j2ihOLF3zwByeuV0m0L%2Bnp9VADydZG0U4Hh3Mow1JIw0eD%2BS5VU62Pmw2n%2BtLV%2FZxqW2rLBbkbaKlT7MPK7VOtuN8vtp3T0HAYk%2BLJDYkiyMZ3NpbYgkh4yqzIKDbiiLJ96VY8opJ5G20rfyfbdabhqtyXVEeCH17GVpSBFQQalA8DQnAegLkYq4yguZ8Rkauy%7Ctkp%3ABFBMmPqSnr1j
182,AE3 Pro Max RC Drone with Camera GPS 3-Axis Gimbal WIFI FPV Quadcopter Brushless,$219.00 to $229.00,https://www.ebay.com/itm/256283354642?itmmeta=01HQMY4QM5D0GM2G2JCB7098CK&hash=item3babada612:g:mZkAAOSwZTVlSFsf&itmprp=enc%3AAQAIAAAA4NV1Tibns9Ufdp75XQHJwv%2Fc1APdAwjYKnLNT%2Fzkj1i6Y3YTlt3MJY6nbCwJW0ZgizVvi4xgy1Ucw7tvR6CUjZ1i3y4md%2BsgQKv0oo232zy4eN1jxrCENo5DJ%2F5uFp0k3d5L6TFoAOEGav0%2BMhGD8De2RHIywrpLsipgiBQePMArrISfZXjtCjyAFwliC%2F0IOoJbLTxxS5%2BZOCQj8O7%2BN1hGFH63GKhIFYDuwf5jsOAkUMDcRPbR3q3MjXMNglSDXzVmUuw6E71MImPMfRAeRQeTHTWLrvOV7lrz8boPdIOO%7Ctkp%3ABFBMmPqSnr1j
